Team,Rank,Year
Belize,215,1993
Belize,215,1994
Belize,215,1995
Belize,182,1996
Belize,179,1997
Belize,186,1998
Belize,190,1999
Belize,186,2000
Belize,167,2001
Belize,158,2002
Belize,174,2003
Belize,181,2004
Belize,180,2005
Belize,198,2006
Belize,201,2007
Belize,173,2008
Belize,173,2009
Belize,172,2010
Belize,141,2011
Belize,167,2012
Belize,159,2013
Belize,175,2014
Belize,127,2015
Belize,163,2016
Belize,158,2017
The Bahamas,215,1993
The Bahamas,215,1994
The Bahamas,215,1995
The Bahamas,215,1996
The Bahamas,215,1997
The Bahamas,215,1998
The Bahamas,215,1999
The Bahamas,215,2000
The Bahamas,215,2001
The Bahamas,215,2002
The Bahamas,215,2003
The Bahamas,215,2004
The Bahamas,215,2005
The Bahamas,215,2006
The Bahamas,215,2007
The Bahamas,215,2008
The Bahamas,215,2009
The Bahamas,215,2010
The Bahamas,215,2011
The Bahamas,215,2012
The Bahamas,215,2013
The Bahamas,215,2014
The Bahamas,215,2015
The Bahamas,215,2016
The Bahamas,215,2017
Canada,44,1993
Canada,63,1994
Canada,65,1995
Canada,40,1996
Canada,66,1997
Canada,101,1998
Canada,81,1999
Canada,63,2000
Canada,92,2001
Canada,70,2002
Canada,87,2003
Canada,90,2004
Canada,84,2005
Canada,82,2006
Canada,55,2007
Canada,90,2008
Canada,56,2009
Canada,84,2010
Canada,72,2011
Canada,64,2012
Canada,112,2013
Canada,112,2014
Canada,88,2015
Canada,117,2016
Canada,94,2017
Costa Rica,42,1993
Costa Rica,65,1994
Costa Rica,78,1995
Costa Rica,72,1996
Costa Rica,51,1997
Costa Rica,67,1998
Costa Rica,64,1999
Costa Rica,60,2000
Costa Rica,30,2001
Costa Rica,21,2002
Costa Rica,17,2003
Costa Rica,27,2004
Costa Rica,21,2005
Costa Rica,68,2006
Costa Rica,70,2007
Costa Rica,53,2008
Costa Rica,44,2009
Costa Rica,69,2010
Costa Rica,65,2011
Costa Rica,66,2012
Costa Rica,31,2013
Costa Rica,16,2014
Costa Rica,37,2015
Costa Rica,17,2016
Costa Rica,26,2017
Cuba,159,1993
Cuba,175,1994
Cuba,96,1995
Cuba,68,1996
Cuba,88,1997
Cuba,107,1998
Cuba,77,1999
Cuba,77,2000
Cuba,76,2001
Cuba,71,2002
Cuba,75,2003
Cuba,76,2004
Cuba,75,2005
Cuba,46,2006
Cuba,71,2007
Cuba,79,2008
Cuba,119,2009
Cuba,62,2010
Cuba,115,2011
Cuba,100,2012
Cuba,100,2013
Cuba,113,2014
Cuba,91,2015
Cuba,151,2016
Cuba,180,2017
Dominican Republic,153,1993
Dominican Republic,164,1994
Dominican Republic,159,1995
Dominican Republic,130,1996
Dominican Republic,144,1997
Dominican Republic,152,1998
Dominican Republic,155,1999
Dominican Republic,157,2000
Dominican Republic,160,2001
Dominican Republic,149,2002
Dominican Republic,171,2003
Dominican Republic,170,2004
Dominican Republic,174,2005
Dominican Republic,136,2006
Dominican Republic,166,2007
Dominican Republic,185,2008
Dominican Republic,190,2009
Dominican Republic,168,2010
Dominican Republic,131,2011
Dominican Republic,93,2012
Dominican Republic,115,2013
Dominican Republic,106,2014
Dominican Republic,154,2015
Dominican Republic,128,2016
Dominican Republic,162,2017
Greenland,215,1993
Greenland,215,1994
Greenland,215,1995
Greenland,215,1996
Greenland,215,1997
Greenland,215,1998
Greenland,215,1999
Greenland,215,2000
Greenland,215,2001
Greenland,215,2002
Greenland,215,2003
Greenland,215,2004
Greenland,215,2005
Greenland,215,2006
Greenland,215,2007
Greenland,215,2008
Greenland,215,2009
Greenland,215,2010
Greenland,215,2011
Greenland,215,2012
Greenland,215,2013
Greenland,215,2014
Greenland,215,2015
Greenland,215,2016
Greenland,215,2017
Guatemala,120,1993
Guatemala,149,1994
Guatemala,145,1995
Guatemala,105,1996
Guatemala,83,1997
Guatemala,73,1998
Guatemala,73,1999
Guatemala,56,2000
Guatemala,67,2001
Guatemala,78,2002
Guatemala,77,2003
Guatemala,71,2004
Guatemala,56,2005
Guatemala,105,2006
Guatemala,106,2007
Guatemala,109,2008
Guatemala,121,2009
Guatemala,118,2010
Guatemala,90,2011
Guatemala,80,2012
Guatemala,113,2013
Guatemala,72,2014
Guatemala,94,2015
Guatemala,79,2016
Guatemala,129,2017
Honduras,40,1993
Honduras,53,1994
Honduras,49,1995
Honduras,45,1996
Honduras,73,1997
Honduras,91,1998
Honduras,69,1999
Honduras,46,2000
Honduras,27,2001
Honduras,40,2002
Honduras,49,2003
Honduras,59,2004
Honduras,41,2005
Honduras,56,2006
Honduras,53,2007
Honduras,40,2008
Honduras,37,2009
Honduras,59,2010
Honduras,53,2011
Honduras,58,2012
Honduras,42,2013
Honduras,71,2014
Honduras,101,2015
Honduras,75,2016
Honduras,68,2017
Haiti,145,1993
Haiti,132,1994
Haiti,153,1995
Haiti,114,1996
Haiti,125,1997
Haiti,109,1998
Haiti,99,1999
Haiti,84,2000
Haiti,82,2001
Haiti,72,2002
Haiti,96,2003
Haiti,95,2004
Haiti,98,2005
Haiti,102,2006
Haiti,69,2007
Haiti,102,2008
Haiti,90,2009
Haiti,90,2010
Haiti,81,2011
Haiti,39,2012
Haiti,79,2013
Haiti,72,2014
Haiti,77,2015
Haiti,73,2016
Haiti,56,2017
Jamaica,80,1993
Jamaica,96,1994
Jamaica,56,1995
Jamaica,32,1996
Jamaica,39,1997
Jamaica,33,1998
Jamaica,41,1999
Jamaica,48,2000
Jamaica,53,2001
Jamaica,51,2002
Jamaica,46,2003
Jamaica,49,2004
Jamaica,42,2005
Jamaica,57,2006
Jamaica,97,2007
Jamaica,65,2008
Jamaica,81,2009
Jamaica,58,2010
Jamaica,54,2011
Jamaica,56,2012
Jamaica,80,2013
Jamaica,75,2014
Jamaica,54,2015
Jamaica,77,2016
Jamaica,54,2017
Mexico,16,1993
Mexico,15,1994
Mexico,12,1995
Mexico,11,1996
Mexico,5,1997
Mexico,10,1998
Mexico,10,1999
Mexico,12,2000
Mexico,9,2001
Mexico,8,2002
Mexico,7,2003
Mexico,7,2004
Mexico,5,2005
Mexico,20,2006
Mexico,15,2007
Mexico,26,2008
Mexico,17,2009
Mexico,27,2010
Mexico,21,2011
Mexico,15,2012
Mexico,21,2013
Mexico,20,2014
Mexico,22,2015
Mexico,18,2016
Mexico,16,2017
Nicaragua,155,1993
Nicaragua,168,1994
Nicaragua,174,1995
Nicaragua,179,1996
Nicaragua,182,1997
Nicaragua,188,1998
Nicaragua,193,1999
Nicaragua,191,2000
Nicaragua,188,2001
Nicaragua,186,2002
Nicaragua,173,2003
Nicaragua,158,2004
Nicaragua,152,2005
Nicaragua,168,2006
Nicaragua,161,2007
Nicaragua,181,2008
Nicaragua,133,2009
Nicaragua,158,2010
Nicaragua,154,2011
Nicaragua,145,2012
Nicaragua,160,2013
Nicaragua,173,2014
Nicaragua,92,2015
Nicaragua,124,2016
Nicaragua,119,2017
Panama,132,1993
Panama,140,1994
Panama,126,1995
Panama,101,1996
Panama,119,1997
Panama,131,1998
Panama,138,1999
Panama,121,2000
Panama,109,2001
Panama,129,2002
Panama,125,2003
Panama,100,2004
Panama,78,2005
Panama,81,2006
Panama,67,2007
Panama,88,2008
Panama,70,2009
Panama,64,2010
Panama,49,2011
Panama,51,2012
Panama,38,2013
Panama,57,2014
Panama,64,2015
Panama,58,2016
Panama,55,2017
Puerto Rico,105,1993
Puerto Rico,112,1994
Puerto Rico,128,1995
Puerto Rico,149,1996
Puerto Rico,169,1997
Puerto Rico,182,1998
Puerto Rico,186,1999
Puerto Rico,195,2000
Puerto Rico,195,2001
Puerto Rico,198,2002
Puerto Rico,200,2003
Puerto Rico,194,2004
Puerto Rico,195,2005
Puerto Rico,195,2006
Puerto Rico,196,2007
Puerto Rico,142,2008
Puerto Rico,165,2009
Puerto Rico,133,2010
Puerto Rico,108,2011
Puerto Rico,132,2012
Puerto Rico,154,2013
Puerto Rico,161,2014
Puerto Rico,172,2015
Puerto Rico,144,2016
Puerto Rico,166,2017
El Salvador,66,1993
El Salvador,80,1994
El Salvador,82,1995
El Salvador,65,1996
El Salvador,64,1997
El Salvador,92,1998
El Salvador,96,1999
El Salvador,83,2000
El Salvador,86,2001
El Salvador,94,2002
El Salvador,95,2003
El Salvador,106,2004
El Salvador,124,2005
El Salvador,156,2006
El Salvador,134,2007
El Salvador,111,2008
El Salvador,78,2009
El Salvador,117,2010
El Salvador,69,2011
El Salvador,103,2012
El Salvador,90,2013
El Salvador,90,2014
El Salvador,99,2015
El Salvador,137,2016
El Salvador,100,2017
Trinidad and Tobago,88,1993
Trinidad and Tobago,91,1994
Trinidad and Tobago,57,1995
Trinidad and Tobago,41,1996
Trinidad and Tobago,56,1997
Trinidad and Tobago,51,1998
Trinidad and Tobago,44,1999
Trinidad and Tobago,29,2000
Trinidad and Tobago,32,2001
Trinidad and Tobago,47,2002
Trinidad and Tobago,70,2003
Trinidad and Tobago,63,2004
Trinidad and Tobago,50,2005
Trinidad and Tobago,91,2006
Trinidad and Tobago,81,2007
Trinidad and Tobago,77,2008
Trinidad and Tobago,82,2009
Trinidad and Tobago,89,2010
Trinidad and Tobago,76,2011
Trinidad and Tobago,68,2012
Trinidad and Tobago,78,2013
Trinidad and Tobago,55,2014
Trinidad and Tobago,49,2015
Trinidad and Tobago,78,2016
Trinidad and Tobago,87,2017
United States of America,22,1993
United States of America,23,1994
United States of America,19,1995
United States of America,18,1996
United States of America,26,1997
United States of America,23,1998
United States of America,22,1999
United States of America,16,2000
United States of America,24,2001
United States of America,10,2002
United States of America,11,2003
United States of America,11,2004
United States of America,8,2005
United States of America,31,2006
United States of America,19,2007
United States of America,22,2008
United States of America,14,2009
United States of America,18,2010
United States of America,34,2011
United States of America,28,2012
United States of America,14,2013
United States of America,27,2014
United States of America,32,2015
United States of America,28,2016
United States of America,24,2017
Argentina,8,1993
Argentina,10,1994
Argentina,7,1995
Argentina,22,1996
Argentina,17,1997
Argentina,5,1998
Argentina,6,1999
Argentina,3,2000
Argentina,2,2001
Argentina,5,2002
Argentina,5,2003
Argentina,3,2004
Argentina,4,2005
Argentina,3,2006
Argentina,1,2007
Argentina,6,2008
Argentina,8,2009
Argentina,5,2010
Argentina,10,2011
Argentina,3,2012
Argentina,3,2013
Argentina,2,2014
Argentina,2,2015
Argentina,1,2016
Argentina,4,2017
Bolivia,58,1993
Bolivia,44,1994
Bolivia,53,1995
Bolivia,39,1996
Bolivia,24,1997
Bolivia,61,1998
Bolivia,61,1999
Bolivia,65,2000
Bolivia,70,2001
Bolivia,92,2002
Bolivia,99,2003
Bolivia,94,2004
Bolivia,96,2005
Bolivia,101,2006
Bolivia,108,2007
Bolivia,58,2008
Bolivia,56,2009
Bolivia,97,2010
Bolivia,108,2011
Bolivia,42,2012
Bolivia,70,2013
Bolivia,85,2014
Bolivia,68,2015
Bolivia,95,2016
Bolivia,49,2017
Chile,55,1993
Chile,47,1994
Chile,36,1995
Chile,26,1996
Chile,16,1997
Chile,16,1998
Chile,23,1999
Chile,19,2000
Chile,39,2001
Chile,84,2002
Chile,80,2003
Chile,74,2004
Chile,64,2005
Chile,41,2006
Chile,45,2007
Chile,31,2008
Chile,15,2009
Chile,15,2010
Chile,13,2011
Chile,26,2012
Chile,15,2013
Chile,14,2014
Chile,5,2015
Chile,4,2016
Chile,10,2017
Colombia,21,1993
Colombia,17,1994
Colombia,15,1995
Colombia,4,1996
Colombia,10,1997
Colombia,34,1998
Colombia,25,1999
Colombia,15,2000
Colombia,5,2001
Colombia,37,2002
Colombia,39,2003
Colombia,26,2004
Colombia,24,2005
Colombia,34,2006
Colombia,17,2007
Colombia,49,2008
Colombia,39,2009
Colombia,48,2010
Colombia,36,2011
Colombia,5,2012
Colombia,4,2013
Colombia,3,2014
Colombia,8,2015
Colombia,6,2016
Colombia,13,2017
Brazil,3,1993
Brazil,1,1994
Brazil,1,1995
Brazil,1,1996
Brazil,1,1997
Brazil,1,1998
Brazil,1,1999
Brazil,1,2000
Brazil,3,2001
Brazil,1,2002
Brazil,1,2003
Brazil,1,2004
Brazil,1,2005
Brazil,1,2006
Brazil,2,2007
Brazil,5,2008
Brazil,2,2009
Brazil,4,2010
Brazil,6,2011
Brazil,18,2012
Brazil,10,2013
Brazil,6,2014
Brazil,6,2015
Brazil,2,2016
Brazil,2,2017
Falkland Islands,215,1993
Falkland Islands,215,1994
Falkland Islands,215,1995
Falkland Islands,215,1996
Falkland Islands,215,1997
Falkland Islands,215,1998
Falkland Islands,215,1999
Falkland Islands,215,2000
Falkland Islands,215,2001
Falkland Islands,215,2002
Falkland Islands,215,2003
Falkland Islands,215,2004
Falkland Islands,215,2005
Falkland Islands,215,2006
Falkland Islands,215,2007
Falkland Islands,215,2008
Falkland Islands,215,2009
Falkland Islands,215,2010
Falkland Islands,215,2011
Falkland Islands,215,2012
Falkland Islands,215,2013
Falkland Islands,215,2014
Falkland Islands,215,2015
Falkland Islands,215,2016
Falkland Islands,215,2017
Ecuador,48,1993
Ecuador,55,1994
Ecuador,55,1995
Ecuador,33,1996
Ecuador,28,1997
Ecuador,63,1998
Ecuador,65,1999
Ecuador,54,2000
Ecuador,37,2001
Ecuador,31,2002
Ecuador,37,2003
Ecuador,39,2004
Ecuador,37,2005
Ecuador,30,2006
Ecuador,56,2007
Ecuador,36,2008
Ecuador,37,2009
Ecuador,53,2010
Ecuador,42,2011
Ecuador,13,2012
Ecuador,23,2013
Ecuador,26,2014
Ecuador,13,2015
Ecuador,20,2016
Ecuador,70,2017
Guyana,136,1993
Guyana,154,1994
Guyana,162,1995
Guyana,153,1996
Guyana,168,1997
Guyana,161,1998
Guyana,171,1999
Guyana,183,2000
Guyana,178,2001
Guyana,169,2002
Guyana,182,2003
Guyana,182,2004
Guyana,167,2005
Guyana,100,2006
Guyana,128,2007
Guyana,131,2008
Guyana,127,2009
Guyana,109,2010
Guyana,91,2011
Guyana,124,2012
Guyana,150,2013
Guyana,167,2014
Guyana,161,2015
Guyana,132,2016
Guyana,165,2017
Paraguay,61,1993
Paraguay,87,1994
Paraguay,64,1995
Paraguay,38,1996
Paraguay,29,1997
Paraguay,25,1998
Paraguay,17,1999
Paraguay,10,2000
Paraguay,13,2001
Paraguay,18,2002
Paraguay,22,2003
Paraguay,30,2004
Paraguay,30,2005
Paraguay,35,2006
Paraguay,21,2007
Paraguay,17,2008
Paraguay,29,2009
Paraguay,24,2010
Paraguay,24,2011
Paraguay,37,2012
Paraguay,51,2013
Paraguay,76,2014
Paraguay,46,2015
Paraguay,40,2016
Paraguay,30,2017
Peru,73,1993
Peru,72,1994
Peru,69,1995
Peru,54,1996
Peru,38,1997
Peru,72,1998
Peru,42,1999
Peru,45,2000
Peru,43,2001
Peru,82,2002
Peru,74,2003
Peru,66,2004
Peru,66,2005
Peru,70,2006
Peru,63,2007
Peru,75,2008
Peru,68,2009
Peru,68,2010
Peru,35,2011
Peru,46,2012
Peru,39,2013
Peru,53,2014
Peru,47,2015
Peru,19,2016
Peru,11,2017
Suriname,215,1993
Suriname,215,1994
Suriname,215,1995
Suriname,215,1996
Suriname,215,1997
Suriname,215,1998
Suriname,215,1999
Suriname,215,2000
Suriname,215,2001
Suriname,215,2002
Suriname,215,2003
Suriname,215,2004
Suriname,215,2005
Suriname,215,2006
Suriname,215,2007
Suriname,215,2008
Suriname,215,2009
Suriname,215,2010
Suriname,215,2011
Suriname,215,2012
Suriname,215,2013
Suriname,215,2014
Suriname,215,2015
Suriname,215,2016
Suriname,215,2017
Uruguay,17,1993
Uruguay,37,1994
Uruguay,32,1995
Uruguay,43,1996
Uruguay,40,1997
Uruguay,76,1998
Uruguay,46,1999
Uruguay,32,2000
Uruguay,22,2001
Uruguay,28,2002
Uruguay,21,2003
Uruguay,16,2004
Uruguay,18,2005
Uruguay,29,2006
Uruguay,28,2007
Uruguay,23,2008
Uruguay,20,2009
Uruguay,7,2010
Uruguay,4,2011
Uruguay,16,2012
Uruguay,6,2013
Uruguay,10,2014
Uruguay,11,2015
Uruguay,9,2016
Uruguay,21,2017
Venezuela,93,1993
Venezuela,110,1994
Venezuela,127,1995
Venezuela,111,1996
Venezuela,115,1997
Venezuela,129,1998
Venezuela,110,1999
Venezuela,111,2000
Venezuela,81,2001
Venezuela,69,2002
Venezuela,57,2003
Venezuela,62,2004
Venezuela,67,2005
Venezuela,73,2006
Venezuela,62,2007
Venezuela,65,2008
Venezuela,50,2009
Venezuela,60,2010
Venezuela,39,2011
Venezuela,57,2012
Venezuela,36,2013
Venezuela,88,2014
Venezuela,83,2015
Venezuela,59,2016
Venezuela,52,2017
Afghanistan,215,1993
Afghanistan,215,1994
Afghanistan,215,1995
Afghanistan,215,1996
Afghanistan,215,1997
Afghanistan,215,1998
Afghanistan,215,1999
Afghanistan,215,2000
Afghanistan,215,2001
Afghanistan,215,2002
Afghanistan,196,2003
Afghanistan,200,2004
Afghanistan,189,2005
Afghanistan,180,2006
Afghanistan,191,2007
Afghanistan,183,2008
Afghanistan,193,2009
Afghanistan,195,2010
Afghanistan,177,2011
Afghanistan,186,2012
Afghanistan,140,2013
Afghanistan,143,2014
Afghanistan,150,2015
Afghanistan,146,2016
Afghanistan,148,2017
United Arab Emirates,51,1993
United Arab Emirates,46,1994
United Arab Emirates,75,1995
United Arab Emirates,60,1996
United Arab Emirates,50,1997
United Arab Emirates,42,1998
United Arab Emirates,54,1999
United Arab Emirates,64,2000
United Arab Emirates,60,2001
United Arab Emirates,89,2002
United Arab Emirates,75,2003
United Arab Emirates,82,2004
United Arab Emirates,85,2005
United Arab Emirates,87,2006
United Arab Emirates,100,2007
United Arab Emirates,110,2008
United Arab Emirates,112,2009
United Arab Emirates,105,2010
United Arab Emirates,130,2011
United Arab Emirates,96,2012
United Arab Emirates,71,2013
United Arab Emirates,81,2014
United Arab Emirates,65,2015
United Arab Emirates,64,2016
United Arab Emirates,73,2017
Armenia,215,1993
Armenia,141,1994
Armenia,113,1995
Armenia,106,1996
Armenia,105,1997
Armenia,100,1998
Armenia,85,1999
Armenia,90,2000
Armenia,95,2001
Armenia,107,2002
Armenia,113,2003
Armenia,119,2004
Armenia,108,2005
Armenia,123,2006
Armenia,93,2007
Armenia,113,2008
Armenia,100,2009
Armenia,60,2010
Armenia,46,2011
Armenia,75,2012
Armenia,35,2013
Armenia,79,2014
Armenia,123,2015
Armenia,86,2016
Armenia,90,2017
Azerbaijan,215,1993
Azerbaijan,147,1994
Azerbaijan,141,1995
Azerbaijan,125,1996
Azerbaijan,123,1997
Azerbaijan,99,1998
Azerbaijan,97,1999
Azerbaijan,115,2000
Azerbaijan,113,2001
Azerbaijan,113,2002
Azerbaijan,119,2003
Azerbaijan,113,2004
Azerbaijan,114,2005
Azerbaijan,125,2006
Azerbaijan,115,2007
Azerbaijan,134,2008
Azerbaijan,114,2009
Azerbaijan,98,2010
Azerbaijan,112,2011
Azerbaijan,118,2012
Azerbaijan,94,2013
Azerbaijan,135,2014
Azerbaijan,117,2015
Azerbaijan,90,2016
Azerbaijan,117,2017
Bangladesh,116,1993
Bangladesh,130,1994
Bangladesh,138,1995
Bangladesh,136,1996
Bangladesh,141,1997
Bangladesh,157,1998
Bangladesh,130,1999
Bangladesh,151,2000
Bangladesh,146,2001
Bangladesh,159,2002
Bangladesh,151,2003
Bangladesh,167,2004
Bangladesh,160,2005
Bangladesh,144,2006
Bangladesh,168,2007
Bangladesh,174,2008
Bangladesh,149,2009
Bangladesh,159,2010
Bangladesh,157,2011
Bangladesh,168,2012
Bangladesh,164,2013
Bangladesh,165,2014
Bangladesh,182,2015
Bangladesh,185,2016
Bangladesh,197,2017
Brunei,151,1993
Brunei,165,1994
Brunei,167,1995
Brunei,170,1996
Brunei,178,1997
Brunei,183,1998
Brunei,185,1999
Brunei,193,2000
Brunei,189,2001
Brunei,194,2002
Brunei,194,2003
Brunei,199,2004
Brunei,199,2005
Brunei,175,2006
Brunei,188,2007
Brunei,181,2008
Brunei,191,2009
Brunei,197,2010
Brunei,202,2011
Brunei,182,2012
Brunei,190,2013
Brunei,198,2014
Brunei,185,2015
Brunei,190,2016
Brunei,190,2017
Bhutan,215,1993
Bhutan,215,1994
Bhutan,215,1995
Bhutan,215,1996
Bhutan,215,1997
Bhutan,215,1998
Bhutan,215,1999
Bhutan,201,2000
Bhutan,202,2001
Bhutan,199,2002
Bhutan,187,2003
Bhutan,187,2004
Bhutan,190,2005
Bhutan,192,2006
Bhutan,198,2007
Bhutan,187,2008
Bhutan,196,2009
Bhutan,197,2010
Bhutan,202,2011
Bhutan,207,2012
Bhutan,207,2013
Bhutan,209,2014
Bhutan,188,2015
Bhutan,177,2016
Bhutan,187,2017
China,53,1993
China,40,1994
China,66,1995
China,76,1996
China,55,1997
China,37,1998
China,88,1999
China,75,2000
China,54,2001
China,63,2002
China,86,2003
China,54,2004
China,72,2005
China,84,2006
China,81,2007
China,100,2008
China,93,2009
China,87,2010
China,71,2011
China,88,2012
China,92,2013
China,97,2014
China,84,2015
China,82,2016
China,71,2017
Northern Cyprus,215,1993
Northern Cyprus,215,1994
Northern Cyprus,215,1995
Northern Cyprus,215,1996
Northern Cyprus,215,1997
Northern Cyprus,215,1998
Northern Cyprus,215,1999
Northern Cyprus,215,2000
Northern Cyprus,215,2001
Northern Cyprus,215,2002
Northern Cyprus,215,2003
Northern Cyprus,215,2004
Northern Cyprus,215,2005
Northern Cyprus,215,2006
Northern Cyprus,215,2007
Northern Cyprus,215,2008
Northern Cyprus,215,2009
Northern Cyprus,215,2010
Northern Cyprus,215,2011
Northern Cyprus,215,2012
Northern Cyprus,215,2013
Northern Cyprus,215,2014
Northern Cyprus,215,2015
Northern Cyprus,215,2016
Northern Cyprus,215,2017
Cyprus,72,1993
Cyprus,67,1994
Cyprus,73,1995
Cyprus,78,1996
Cyprus,82,1997
Cyprus,78,1998
Cyprus,63,1999
Cyprus,62,2000
Cyprus,79,2001
Cyprus,80,2002
Cyprus,97,2003
Cyprus,108,2004
Cyprus,96,2005
Cyprus,73,2006
Cyprus,66,2007
Cyprus,94,2008
Cyprus,68,2009
Cyprus,91,2010
Cyprus,127,2011
Cyprus,132,2012
Cyprus,126,2013
Cyprus,87,2014
Cyprus,79,2015
Cyprus,115,2016
Cyprus,91,2017
Georgia,215,1993
Georgia,92,1994
Georgia,79,1995
Georgia,95,1996
Georgia,69,1997
Georgia,52,1998
Georgia,66,1999
Georgia,66,2000
Georgia,58,2001
Georgia,90,2002
Georgia,93,2003
Georgia,104,2004
Georgia,104,2005
Georgia,94,2006
Georgia,77,2007
Georgia,108,2008
Georgia,124,2009
Georgia,73,2010
Georgia,73,2011
Georgia,73,2012
Georgia,101,2013
Georgia,125,2014
Georgia,122,2015
Georgia,118,2016
Georgia,104,2017
Indonesia,106,1993
Indonesia,134,1994
Indonesia,130,1995
Indonesia,119,1996
Indonesia,91,1997
Indonesia,87,1998
Indonesia,90,1999
Indonesia,97,2000
Indonesia,87,2001
Indonesia,110,2002
Indonesia,91,2003
Indonesia,91,2004
Indonesia,109,2005
Indonesia,153,2006
Indonesia,133,2007
Indonesia,139,2008
Indonesia,120,2009
Indonesia,127,2010
Indonesia,142,2011
Indonesia,156,2012
Indonesia,161,2013
Indonesia,159,2014
Indonesia,179,2015
Indonesia,171,2016
Indonesia,162,2017
India,100,1993
India,109,1994
India,121,1995
India,120,1996
India,112,1997
India,110,1998
India,106,1999
India,122,2000
India,121,2001
India,127,2002
India,127,2003
India,132,2004
India,127,2005
India,157,2006
India,143,2007
India,143,2008
India,134,2009
India,142,2010
India,162,2011
India,166,2012
India,154,2013
India,171,2014
India,166,2015
India,135,2016
India,105,2017
Iran,59,1993
Iran,75,1994
Iran,108,1995
Iran,83,1996
Iran,46,1997
Iran,27,1998
Iran,49,1999
Iran,37,2000
Iran,29,2001
Iran,33,2002
Iran,28,2003
Iran,20,2004
Iran,19,2005
Iran,38,2006
Iran,41,2007
Iran,43,2008
Iran,64,2009
Iran,66,2010
Iran,45,2011
Iran,59,2012
Iran,33,2013
Iran,51,2014
Iran,45,2015
Iran,29,2016
Iran,32,2017
Israel,57,1993
Israel,42,1994
Israel,42,1995
Israel,52,1996
Israel,61,1997
Israel,43,1998
Israel,26,1999
Israel,41,2000
Israel,49,2001
Israel,46,2002
Israel,51,2003
Israel,48,2004
Israel,44,2005
Israel,44,2006
Israel,26,2007
Israel,18,2008
Israel,26,2009
Israel,50,2010
Israel,37,2011
Israel,78,2012
Israel,63,2013
Israel,32,2014
Israel,69,2015
Israel,55,2016
Israel,98,2017
Iraq,65,1993
Iraq,88,1994
Iraq,110,1995
Iraq,98,1996
Iraq,68,1997
Iraq,94,1998
Iraq,78,1999
Iraq,79,2000
Iraq,72,2001
Iraq,53,2002
Iraq,43,2003
Iraq,44,2004
Iraq,54,2005
Iraq,83,2006
Iraq,68,2007
Iraq,72,2008
Iraq,88,2009
Iraq,100,2010
Iraq,78,2011
Iraq,92,2012
Iraq,110,2013
Iraq,103,2014
Iraq,89,2015
Iraq,119,2016
Iraq,79,2017
Jordan,87,1993
Jordan,113,1994
Jordan,143,1995
Jordan,146,1996
Jordan,124,1997
Jordan,126,1998
Jordan,115,1999
Jordan,105,2000
Jordan,99,2001
Jordan,77,2002
Jordan,47,2003
Jordan,40,2004
Jordan,86,2005
Jordan,95,2006
Jordan,120,2007
Jordan,124,2008
Jordan,111,2009
Jordan,104,2010
Jordan,82,2011
Jordan,94,2012
Jordan,65,2013
Jordan,81,2014
Jordan,87,2015
Jordan,105,2016
Jordan,107,2017
Japan,43,1993
Japan,36,1994
Japan,31,1995
Japan,21,1996
Japan,14,1997
Japan,20,1998
Japan,57,1999
Japan,38,2000
Japan,34,2001
Japan,22,2002
Japan,29,2003
Japan,17,2004
Japan,15,2005
Japan,47,2006
Japan,34,2007
Japan,35,2008
Japan,43,2009
Japan,29,2010
Japan,19,2011
Japan,22,2012
Japan,47,2013
Japan,54,2014
Japan,53,2015
Japan,45,2016
Japan,57,2017
Kazakhstan,215,1993
Kazakhstan,153,1994
Kazakhstan,163,1995
Kazakhstan,156,1996
Kazakhstan,107,1997
Kazakhstan,102,1998
Kazakhstan,123,1999
Kazakhstan,120,2000
Kazakhstan,98,2001
Kazakhstan,117,2002
Kazakhstan,136,2003
Kazakhstan,147,2004
Kazakhstan,137,2005
Kazakhstan,135,2006
Kazakhstan,112,2007
Kazakhstan,137,2008
Kazakhstan,125,2009
Kazakhstan,138,2010
Kazakhstan,138,2011
Kazakhstan,142,2012
Kazakhstan,128,2013
Kazakhstan,139,2014
Kazakhstan,129,2015
Kazakhstan,98,2016
Kazakhstan,137,2017
Kyrgyzstan,215,1993
Kyrgyzstan,215,1994
Kyrgyzstan,215,1995
Kyrgyzstan,215,1996
Kyrgyzstan,215,1997
Kyrgyzstan,215,1998
Kyrgyzstan,215,1999
Kyrgyzstan,215,2000
Kyrgyzstan,215,2001
Kyrgyzstan,215,2002
Kyrgyzstan,215,2003
Kyrgyzstan,215,2004
Kyrgyzstan,215,2005
Kyrgyzstan,215,2006
Kyrgyzstan,215,2007
Kyrgyzstan,215,2008
Kyrgyzstan,215,2009
Kyrgyzstan,215,2010
Kyrgyzstan,215,2011
Kyrgyzstan,215,2012
Kyrgyzstan,215,2013
Kyrgyzstan,215,2014
Kyrgyzstan,215,2015
Kyrgyzstan,215,2016
Kyrgyzstan,215,2017
Cambodia,215,1993
Cambodia,215,1994
Cambodia,215,1995
Cambodia,186,1996
Cambodia,170,1997
Cambodia,162,1998
Cambodia,168,1999
Cambodia,169,2000
Cambodia,169,2001
Cambodia,176,2002
Cambodia,178,2003
Cambodia,184,2004
Cambodia,188,2005
Cambodia,174,2006
Cambodia,183,2007
Cambodia,178,2008
Cambodia,175,2009
Cambodia,166,2010
Cambodia,170,2011
Cambodia,184,2012
Cambodia,189,2013
Cambodia,179,2014
Cambodia,180,2015
Cambodia,173,2016
Cambodia,173,2017
South Korea,62,1993
South Korea,84,1994
South Korea,117,1995
South Korea,144,1996
South Korea,166,1997
South Korea,158,1998
South Korea,172,1999
South Korea,142,2000
South Korea,136,2001
South Korea,124,2002
South Korea,117,2003
South Korea,95,2004
South Korea,82,2005
South Korea,113,2006
South Korea,115,2007
South Korea,113,2008
South Korea,86,2009
South Korea,108,2010
South Korea,110,2011
South Korea,99,2012
South Korea,138,2013
South Korea,150,2014
South Korea,105,2015
South Korea,125,2016
South Korea,126,2017
Kuwait,64,1993
Kuwait,54,1994
Kuwait,84,1995
Kuwait,62,1996
Kuwait,44,1997
Kuwait,24,1998
Kuwait,82,1999
Kuwait,74,2000
Kuwait,74,2001
Kuwait,83,2002
Kuwait,48,2003
Kuwait,54,2004
Kuwait,72,2005
Kuwait,78,2006
Kuwait,119,2007
Kuwait,127,2008
Kuwait,104,2009
Kuwait,102,2010
Kuwait,99,2011
Kuwait,117,2012
Kuwait,105,2013
Kuwait,124,2014
Kuwait,139,2015
Kuwait,171,2016
Kuwait,189,2017
Laos,146,1993
Laos,160,1994
Laos,152,1995
Laos,147,1996
Laos,143,1997
Laos,144,1998
Laos,156,1999
Laos,165,2000
Laos,162,2001
Laos,170,2002
Laos,167,2003
Laos,162,2004
Laos,170,2005
Laos,151,2006
Laos,176,2007
Laos,169,2008
Laos,178,2009
Laos,169,2010
Laos,174,2011
Laos,171,2012
Laos,152,2013
Laos,160,2014
Laos,177,2015
Laos,167,2016
Laos,182,2017
Lebanon,215,1993
Lebanon,215,1994
Lebanon,215,1995
Lebanon,215,1996
Lebanon,215,1997
Lebanon,215,1998
Lebanon,215,1999
Lebanon,215,2000
Lebanon,215,2001
Lebanon,215,2002
Lebanon,215,2003
Lebanon,215,2004
Lebanon,215,2005
Lebanon,215,2006
Lebanon,215,2007
Lebanon,215,2008
Lebanon,215,2009
Lebanon,215,2010
Lebanon,215,2011
Lebanon,215,2012
Lebanon,215,2013
Lebanon,215,2014
Lebanon,215,2015
Lebanon,215,2016
Lebanon,215,2017
Sri Lanka,126,1993
Sri Lanka,139,1994
Sri Lanka,135,1995
Sri Lanka,126,1996
Sri Lanka,136,1997
Sri Lanka,134,1998
Sri Lanka,153,1999
Sri Lanka,149,2000
Sri Lanka,143,2001
Sri Lanka,139,2002
Sri Lanka,135,2003
Sri Lanka,140,2004
Sri Lanka,144,2005
Sri Lanka,145,2006
Sri Lanka,167,2007
Sri Lanka,163,2008
Sri Lanka,151,2009
Sri Lanka,163,2010
Sri Lanka,180,2011
Sri Lanka,190,2012
Sri Lanka,169,2013
Sri Lanka,172,2014
Sri Lanka,194,2015
Sri Lanka,195,2016
Sri Lanka,200,2017
Myanmar,110,1993
Myanmar,124,1994
Myanmar,115,1995
Myanmar,104,1996
Myanmar,114,1997
Myanmar,115,1998
Myanmar,126,1999
Myanmar,124,2000
Myanmar,151,2001
Myanmar,162,2002
Myanmar,140,2003
Myanmar,144,2004
Myanmar,147,2005
Myanmar,154,2006
Myanmar,157,2007
Myanmar,156,2008
Myanmar,140,2009
Myanmar,149,2010
Myanmar,172,2011
Myanmar,162,2012
Myanmar,130,2013
Myanmar,141,2014
Myanmar,158,2015
Myanmar,159,2016
Myanmar,140,2017
Mongolia,215,1993
Mongolia,215,1994
Mongolia,215,1995
Mongolia,215,1996
Mongolia,215,1997
Mongolia,215,1998
Mongolia,198,1999
Mongolia,196,2000
Mongolia,187,2001
Mongolia,193,2002
Mongolia,179,2003
Mongolia,185,2004
Mongolia,179,2005
Mongolia,181,2006
Mongolia,178,2007
Mongolia,192,2008
Mongolia,171,2009
Mongolia,182,2010
Mongolia,168,2011
Mongolia,179,2012
Mongolia,181,2013
Mongolia,194,2014
Mongolia,201,2015
Mongolia,198,2016
Mongolia,187,2017
Malaysia,79,1993
Malaysia,89,1994
Malaysia,106,1995
Malaysia,96,1996
Malaysia,87,1997
Malaysia,113,1998
Malaysia,117,1999
Malaysia,107,2000
Malaysia,111,2001
Malaysia,128,2002
Malaysia,116,2003
Malaysia,120,2004
Malaysia,123,2005
Malaysia,152,2006
Malaysia,159,2007
Malaysia,156,2008
Malaysia,160,2009
Malaysia,144,2010
Malaysia,148,2011
Malaysia,158,2012
Malaysia,154,2013
Malaysia,154,2014
Malaysia,170,2015
Malaysia,161,2016
Malaysia,174,2017
Nepal,124,1993
Nepal,138,1994
Nepal,147,1995
Nepal,151,1996
Nepal,155,1997
Nepal,176,1998
Nepal,157,1999
Nepal,166,2000
Nepal,156,2001
Nepal,165,2002
Nepal,165,2003
Nepal,177,2004
Nepal,175,2005
Nepal,170,2006
Nepal,186,2007
Nepal,174,2008
Nepal,152,2009
Nepal,172,2010
Nepal,153,2011
Nepal,171,2012
Nepal,172,2013
Nepal,186,2014
Nepal,192,2015
Nepal,181,2016
Nepal,171,2017
Oman,97,1993
Oman,71,1994
Oman,98,1995
Oman,91,1996
Oman,81,1997
Oman,58,1998
Oman,92,1999
Oman,106,2000
Oman,91,2001
Oman,96,2002
Oman,62,2003
Oman,56,2004
Oman,91,2005
Oman,72,2006
Oman,84,2007
Oman,96,2008
Oman,79,2009
Oman,99,2010
Oman,85,2011
Oman,95,2012
Oman,85,2013
Oman,93,2014
Oman,104,2015
Oman,121,2016
Oman,101,2017
Pakistan,142,1993
Pakistan,158,1994
Pakistan,160,1995
Pakistan,173,1996
Pakistan,153,1997
Pakistan,168,1998
Pakistan,179,1999
Pakistan,190,2000
Pakistan,181,2001
Pakistan,178,2002
Pakistan,168,2003
Pakistan,177,2004
Pakistan,158,2005
Pakistan,164,2006
Pakistan,163,2007
Pakistan,165,2008
Pakistan,156,2009
Pakistan,171,2010
Pakistan,179,2011
Pakistan,189,2012
Pakistan,172,2013
Pakistan,188,2014
Pakistan,184,2015
Pakistan,197,2016
Pakistan,201,2017
Philippines,163,1993
Philippines,171,1994
Philippines,166,1995
Philippines,166,1996
Philippines,175,1997
Philippines,175,1998
Philippines,181,1999
Philippines,179,2000
Philippines,175,2001
Philippines,181,2002
Philippines,189,2003
Philippines,188,2004
Philippines,191,2005
Philippines,171,2006
Philippines,179,2007
Philippines,160,2008
Philippines,167,2009
Philippines,149,2010
Philippines,159,2011
Philippines,147,2012
Philippines,127,2013
Philippines,130,2014
Philippines,139,2015
Philippines,120,2016
Philippines,124,2017
North Korea,41,1993
North Korea,35,1994
North Korea,46,1995
North Korea,44,1996
North Korea,27,1997
North Korea,17,1998
North Korea,51,1999
North Korea,40,2000
North Korea,42,2001
North Korea,20,2002
North Korea,22,2003
North Korea,22,2004
North Korea,29,2005
North Korea,51,2006
North Korea,42,2007
North Korea,42,2008
North Korea,52,2009
North Korea,40,2010
North Korea,32,2011
North Korea,35,2012
North Korea,54,2013
North Korea,69,2014
North Korea,51,2015
North Korea,37,2016
North Korea,60,2017
Palestine,215,1993
Palestine,215,1994
Palestine,215,1995
Palestine,215,1996
Palestine,215,1997
Palestine,215,1998
Palestine,170,1999
Palestine,171,2000
Palestine,145,2001
Palestine,151,2002
Palestine,139,2003
Palestine,126,2004
Palestine,137,2005
Palestine,128,2006
Palestine,165,2007
Palestine,179,2008
Palestine,173,2009
Palestine,177,2010
Palestine,158,2011
Palestine,152,2012
Palestine,137,2013
Palestine,113,2014
Palestine,134,2015
Palestine,131,2016
Palestine,80,2017
Qatar,54,1993
Qatar,60,1994
Qatar,83,1995
Qatar,69,1996
Qatar,70,1997
Qatar,60,1998
Qatar,107,1999
Qatar,102,2000
Qatar,80,2001
Qatar,62,2002
Qatar,65,2003
Qatar,66,2004
Qatar,95,2005
Qatar,58,2006
Qatar,87,2007
Qatar,84,2008
Qatar,86,2009
Qatar,112,2010
Qatar,93,2011
Qatar,98,2012
Qatar,103,2013
Qatar,95,2014
Qatar,86,2015
Qatar,87,2016
Qatar,102,2017
Saudi Arabia,38,1993
Saudi Arabia,27,1994
Saudi Arabia,54,1995
Saudi Arabia,37,1996
Saudi Arabia,33,1997
Saudi Arabia,30,1998
Saudi Arabia,39,1999
Saudi Arabia,36,2000
Saudi Arabia,31,2001
Saudi Arabia,38,2002
Saudi Arabia,26,2003
Saudi Arabia,28,2004
Saudi Arabia,33,2005
Saudi Arabia,64,2006
Saudi Arabia,61,2007
Saudi Arabia,48,2008
Saudi Arabia,63,2009
Saudi Arabia,80,2010
Saudi Arabia,96,2011
Saudi Arabia,126,2012
Saudi Arabia,87,2013
Saudi Arabia,102,2014
Saudi Arabia,80,2015
Saudi Arabia,54,2016
Saudi Arabia,63,2017
Syria,82,1993
Syria,105,1994
Syria,136,1995
Syria,115,1996
Syria,98,1997
Syria,84,1998
Syria,109,1999
Syria,100,2000
Syria,90,2001
Syria,91,2002
Syria,85,2003
Syria,85,2004
Syria,98,2005
Syria,112,2006
Syria,107,2007
Syria,105,2008
Syria,91,2009
Syria,107,2010
Syria,114,2011
Syria,144,2012
Syria,129,2013
Syria,151,2014
Syria,125,2015
Syria,96,2016
Syria,77,2017
Thailand,69,1993
Thailand,85,1994
Thailand,77,1995
Thailand,57,1996
Thailand,54,1997
Thailand,45,1998
Thailand,60,1999
Thailand,61,2000
Thailand,61,2001
Thailand,66,2002
Thailand,60,2003
Thailand,79,2004
Thailand,111,2005
Thailand,137,2006
Thailand,121,2007
Thailand,126,2008
Thailand,105,2009
Thailand,120,2010
Thailand,122,2011
Thailand,136,2012
Thailand,146,2013
Thailand,142,2014
Thailand,133,2015
Thailand,126,2016
Thailand,130,2017
Tajikistan,215,1993
Tajikistan,155,1994
Tajikistan,164,1995
Tajikistan,163,1996
Tajikistan,118,1997
Tajikistan,120,1998
Tajikistan,119,1999
Tajikistan,134,2000
Tajikistan,154,2001
Tajikistan,168,2002
Tajikistan,137,2003
Tajikistan,136,2004
Tajikistan,141,2005
Tajikistan,124,2006
Tajikistan,137,2007
Tajikistan,146,2008
Tajikistan,165,2009
Tajikistan,145,2010
Tajikistan,139,2011
Tajikistan,136,2012
Tajikistan,114,2013
Tajikistan,135,2014
Tajikistan,148,2015
Tajikistan,129,2016
Tajikistan,126,2017
Turkmenistan,215,1993
Turkmenistan,108,1994
Turkmenistan,133,1995
Turkmenistan,141,1996
Turkmenistan,134,1997
Turkmenistan,122,1998
Turkmenistan,129,1999
Turkmenistan,125,2000
Turkmenistan,114,2001
Turkmenistan,134,2002
Turkmenistan,99,2003
Turkmenistan,98,2004
Turkmenistan,116,2005
Turkmenistan,155,2006
Turkmenistan,127,2007
Turkmenistan,148,2008
Turkmenistan,141,2009
Turkmenistan,135,2010
Turkmenistan,146,2011
Turkmenistan,129,2012
Turkmenistan,135,2013
Turkmenistan,147,2014
Turkmenistan,119,2015
Turkmenistan,142,2016
Turkmenistan,114,2017
East Timor,215,1993
East Timor,215,1994
East Timor,215,1995
East Timor,215,1996
East Timor,215,1997
East Timor,215,1998
East Timor,215,1999
East Timor,215,2000
East Timor,215,2001
East Timor,215,2002
East Timor,215,2003
East Timor,215,2004
East Timor,215,2005
East Timor,198,2006
East Timor,201,2007
East Timor,197,2008
East Timor,200,2009
East Timor,201,2010
East Timor,205,2011
East Timor,182,2012
East Timor,190,2013
East Timor,185,2014
East Timor,170,2015
East Timor,191,2016
East Timor,191,2017
Turkey,52,1993
Turkey,48,1994
Turkey,30,1995
Turkey,31,1996
Turkey,43,1997
Turkey,57,1998
Turkey,29,1999
Turkey,30,2000
Turkey,23,2001
Turkey,9,2002
Turkey,8,2003
Turkey,14,2004
Turkey,11,2005
Turkey,26,2006
Turkey,16,2007
Turkey,10,2008
Turkey,41,2009
Turkey,31,2010
Turkey,28,2011
Turkey,40,2012
Turkey,43,2013
Turkey,49,2014
Turkey,21,2015
Turkey,24,2016
Turkey,42,2017
Taiwan,215,1993
Taiwan,215,1994
Taiwan,215,1995
Taiwan,215,1996
Taiwan,215,1997
Taiwan,215,1998
Taiwan,215,1999
Taiwan,215,2000
Taiwan,215,2001
Taiwan,215,2002
Taiwan,215,2003
Taiwan,215,2004
Taiwan,215,2005
Taiwan,215,2006
Taiwan,215,2007
Taiwan,215,2008
Taiwan,215,2009
Taiwan,215,2010
Taiwan,215,2011
Taiwan,215,2012
Taiwan,215,2013
Taiwan,215,2014
Taiwan,215,2015
Taiwan,215,2016
Taiwan,215,2017
Vietnam,135,1993
Vietnam,151,1994
Vietnam,122,1995
Vietnam,99,1996
Vietnam,104,1997
Vietnam,98,1998
Vietnam,102,1999
Vietnam,99,2000
Vietnam,105,2001
Vietnam,108,2002
Vietnam,98,2003
Vietnam,103,2004
Vietnam,120,2005
Vietnam,172,2006
Vietnam,142,2007
Vietnam,155,2008
Vietnam,123,2009
Vietnam,137,2010
Vietnam,99,2011
Vietnam,131,2012
Vietnam,144,2013
Vietnam,137,2014
Vietnam,147,2015
Vietnam,134,2016
Vietnam,112,2017
Uzbekistan,215,1993
Uzbekistan,78,1994
Uzbekistan,97,1995
Uzbekistan,109,1996
Uzbekistan,79,1997
Uzbekistan,66,1998
Uzbekistan,55,1999
Uzbekistan,71,2000
Uzbekistan,62,2001
Uzbekistan,98,2002
Uzbekistan,81,2003
Uzbekistan,47,2004
Uzbekistan,59,2005
Uzbekistan,45,2006
Uzbekistan,64,2007
Uzbekistan,72,2008
Uzbekistan,76,2009
Uzbekistan,109,2010
Uzbekistan,75,2011
Uzbekistan,67,2012
Uzbekistan,68,2013
Uzbekistan,74,2014
Uzbekistan,74,2015
Uzbekistan,62,2016
Uzbekistan,78,2017
Yemen,91,1993
Yemen,103,1994
Yemen,123,1995
Yemen,139,1996
Yemen,128,1997
Yemen,146,1998
Yemen,158,1999
Yemen,160,2000
Yemen,135,2001
Yemen,145,2002
Yemen,132,2003
Yemen,124,2004
Yemen,139,2005
Yemen,141,2006
Yemen,144,2007
Yemen,145,2008
Yemen,130,2009
Yemen,126,2010
Yemen,151,2011
Yemen,164,2012
Yemen,179,2013
Yemen,176,2014
Yemen,174,2015
Yemen,148,2016
Yemen,120,2017
Angola,102,1993
Angola,106,1994
Angola,80,1995
Angola,70,1996
Angola,58,1997
Angola,50,1998
Angola,52,1999
Angola,55,2000
Angola,55,2001
Angola,76,2002
Angola,83,2003
Angola,72,2004
Angola,61,2005
Angola,55,2006
Angola,73,2007
Angola,70,2008
Angola,95,2009
Angola,88,2010
Angola,83,2011
Angola,84,2012
Angola,88,2013
Angola,80,2014
Angola,105,2015
Angola,143,2016
Angola,141,2017
Burundi,101,1993
Burundi,126,1994
Burundi,146,1995
Burundi,137,1996
Burundi,152,1997
Burundi,141,1998
Burundi,133,1999
Burundi,126,2000
Burundi,139,2001
Burundi,135,2002
Burundi,145,2003
Burundi,152,2004
Burundi,147,2005
Burundi,117,2006
Burundi,109,2007
Burundi,136,2008
Burundi,126,2009
Burundi,128,2010
Burundi,140,2011
Burundi,104,2012
Burundi,124,2013
Burundi,127,2014
Burundi,112,2015
Burundi,138,2016
Burundi,142,2017
Burkina Faso,127,1993
Burkina Faso,97,1994
Burkina Faso,101,1995
Burkina Faso,107,1996
Burkina Faso,106,1997
Burkina Faso,75,1998
Burkina Faso,71,1999
Burkina Faso,69,2000
Burkina Faso,78,2001
Burkina Faso,75,2002
Burkina Faso,78,2003
Burkina Faso,84,2004
Burkina Faso,87,2005
Burkina Faso,61,2006
Burkina Faso,113,2007
Burkina Faso,62,2008
Burkina Faso,49,2009
Burkina Faso,41,2010
Burkina Faso,62,2011
Burkina Faso,89,2012
Burkina Faso,53,2013
Burkina Faso,63,2014
Burkina Faso,89,2015
Burkina Faso,50,2016
Burkina Faso,44,2017
Benin,130,1993
Benin,143,1994
Benin,161,1995
Benin,143,1996
Benin,137,1997
Benin,127,1998
Benin,140,1999
Benin,148,2000
Benin,152,2001
Benin,146,2002
Benin,121,2003
Benin,122,2004
Benin,113,2005
Benin,114,2006
Benin,97,2007
Benin,101,2008
Benin,59,2009
Benin,71,2010
Benin,124,2011
Benin,75,2012
Benin,99,2013
Benin,89,2014
Benin,78,2015
Benin,66,2016
Benin,82,2017
Botswana,140,1993
Botswana,145,1994
Botswana,155,1995
Botswana,161,1996
Botswana,162,1997
Botswana,155,1998
Botswana,165,1999
Botswana,150,2000
Botswana,153,2001
Botswana,136,2002
Botswana,112,2003
Botswana,102,2004
Botswana,101,2005
Botswana,108,2006
Botswana,103,2007
Botswana,117,2008
Botswana,118,2009
Botswana,53,2010
Botswana,95,2011
Botswana,121,2012
Botswana,97,2013
Botswana,107,2014
Botswana,95,2015
Botswana,112,2016
Botswana,150,2017
Central African Republic,157,1993
Central African Republic,174,1994
Central African Republic,180,1995
Central African Republic,183,1996
Central African Republic,188,1997
Central African Republic,192,1998
Central African Republic,175,1999
Central African Republic,176,2000
Central African Republic,182,2001
Central African Republic,179,2002
Central African Republic,177,2003
Central African Republic,180,2004
Central African Republic,183,2005
Central African Republic,179,2006
Central African Republic,182,2007
Central African Republic,199,2008
Central African Republic,200,2009
Central African Republic,111,2010
Central African Republic,129,2011
Central African Republic,52,2012
Central African Republic,106,2013
Central African Republic,145,2014
Central African Republic,113,2015
Central African Republic,104,2016
Central African Republic,122,2017
Ivory Coast,215,1993
Ivory Coast,215,1994
Ivory Coast,215,1995
Ivory Coast,215,1996
Ivory Coast,215,1997
Ivory Coast,215,1998
Ivory Coast,215,1999
Ivory Coast,215,2000
Ivory Coast,215,2001
Ivory Coast,215,2002
Ivory Coast,215,2003
Ivory Coast,215,2004
Ivory Coast,215,2005
Ivory Coast,215,2006
Ivory Coast,215,2007
Ivory Coast,215,2008
Ivory Coast,215,2009
Ivory Coast,215,2010
Ivory Coast,215,2011
Ivory Coast,215,2012
Ivory Coast,215,2013
Ivory Coast,215,2014
Ivory Coast,215,2015
Ivory Coast,215,2016
Ivory Coast,215,2017
Cameroon,23,1993
Cameroon,31,1994
Cameroon,37,1995
Cameroon,56,1996
Cameroon,53,1997
Cameroon,41,1998
Cameroon,58,1999
Cameroon,39,2000
Cameroon,38,2001
Cameroon,16,2002
Cameroon,14,2003
Cameroon,23,2004
Cameroon,23,2005
Cameroon,11,2006
Cameroon,24,2007
Cameroon,14,2008
Cameroon,11,2009
Cameroon,37,2010
Cameroon,50,2011
Cameroon,61,2012
Cameroon,50,2013
Cameroon,42,2014
Cameroon,59,2015
Cameroon,65,2016
Cameroon,45,2017
Democratic Republic of the Congo,215,1993
Democratic Republic of the Congo,215,1994
Democratic Republic of the Congo,215,1995
Democratic Republic of the Congo,215,1996
Democratic Republic of the Congo,215,1997
Democratic Republic of the Congo,215,1998
Democratic Republic of the Congo,215,1999
Democratic Republic of the Congo,70,2000
Democratic Republic of the Congo,77,2001
Democratic Republic of the Congo,65,2002
Democratic Republic of the Congo,56,2003
Democratic Republic of the Congo,78,2004
Democratic Republic of the Congo,77,2005
Democratic Republic of the Congo,66,2006
Democratic Republic of the Congo,74,2007
Democratic Republic of the Congo,91,2008
Democratic Republic of the Congo,107,2009
Democratic Republic of the Congo,130,2010
Democratic Republic of the Congo,125,2011
Democratic Republic of the Congo,107,2012
Democratic Republic of the Congo,82,2013
Democratic Republic of the Congo,56,2014
Democratic Republic of the Congo,60,2015
Democratic Republic of the Congo,48,2016
Democratic Republic of the Congo,39,2017
Republic of Congo,103,1993
Republic of Congo,114,1994
Republic of Congo,119,1995
Republic of Congo,100,1996
Republic of Congo,101,1997
Republic of Congo,112,1998
Republic of Congo,94,1999
Republic of Congo,86,2000
Republic of Congo,94,2001
Republic of Congo,97,2002
Republic of Congo,108,2003
Republic of Congo,117,2004
Republic of Congo,110,2005
Republic of Congo,89,2006
Republic of Congo,91,2007
Republic of Congo,68,2008
Republic of Congo,101,2009
Republic of Congo,122,2010
Republic of Congo,133,2011
Republic of Congo,109,2012
Republic of Congo,84,2013
Republic of Congo,61,2014
Republic of Congo,48,2015
Republic of Congo,70,2016
Republic of Congo,96,2017
Djibouti,215,1993
Djibouti,215,1994
Djibouti,177,1995
Djibouti,185,1996
Djibouti,189,1997
Djibouti,191,1998
Djibouti,195,1999
Djibouti,189,2000
Djibouti,193,2001
Djibouti,195,2002
Djibouti,197,2003
Djibouti,201,2004
Djibouti,200,2005
Djibouti,198,2006
Djibouti,173,2007
Djibouti,188,2008
Djibouti,189,2009
Djibouti,191,2010
Djibouti,198,2011
Djibouti,202,2012
Djibouti,204,2013
Djibouti,206,2014
Djibouti,204,2015
Djibouti,205,2016
Djibouti,186,2017
Algeria,35,1993
Algeria,57,1994
Algeria,48,1995
Algeria,49,1996
Algeria,59,1997
Algeria,71,1998
Algeria,86,1999
Algeria,82,2000
Algeria,75,2001
Algeria,68,2002
Algeria,62,2003
Algeria,73,2004
Algeria,80,2005
Algeria,80,2006
Algeria,79,2007
Algeria,64,2008
Algeria,26,2009
Algeria,35,2010
Algeria,30,2011
Algeria,19,2012
Algeria,26,2013
Algeria,18,2014
Algeria,28,2015
Algeria,38,2016
Algeria,58,2017
Egypt,26,1993
Egypt,22,1994
Egypt,23,1995
Egypt,28,1996
Egypt,32,1997
Egypt,28,1998
Egypt,38,1999
Egypt,33,2000
Egypt,41,2001
Egypt,39,2002
Egypt,32,2003
Egypt,34,2004
Egypt,32,2005
Egypt,27,2006
Egypt,39,2007
Egypt,16,2008
Egypt,24,2009
Egypt,9,2010
Egypt,31,2011
Egypt,41,2012
Egypt,41,2013
Egypt,60,2014
Egypt,57,2015
Egypt,36,2016
Egypt,31,2017
Eritrea,215,1993
Eritrea,215,1994
Eritrea,215,1995
Eritrea,215,1996
Eritrea,215,1997
Eritrea,189,1998
Eritrea,169,1999
Eritrea,158,2000
Eritrea,171,2001
Eritrea,157,2002
Eritrea,155,2003
Eritrea,169,2004
Eritrea,169,2005
Eritrea,140,2006
Eritrea,132,2007
Eritrea,162,2008
Eritrea,163,2009
Eritrea,177,2010
Eritrea,190,2011
Eritrea,196,2012
Eritrea,200,2013
Eritrea,202,2014
Eritrea,204,2015
Eritrea,205,2016
Eritrea,206,2017
Ethiopia,96,1993
Ethiopia,115,1994
Ethiopia,105,1995
Ethiopia,108,1996
Ethiopia,126,1997
Ethiopia,145,1998
Ethiopia,142,1999
Ethiopia,133,2000
Ethiopia,155,2001
Ethiopia,138,2002
Ethiopia,130,2003
Ethiopia,151,2004
Ethiopia,112,2005
Ethiopia,92,2006
Ethiopia,105,2007
Ethiopia,103,2008
Ethiopia,122,2009
Ethiopia,124,2010
Ethiopia,135,2011
Ethiopia,110,2012
Ethiopia,93,2013
Ethiopia,111,2014
Ethiopia,120,2015
Ethiopia,112,2016
Ethiopia,143,2017
Gabon,60,1993
Gabon,64,1994
Gabon,67,1995
Gabon,46,1996
Gabon,63,1997
Gabon,82,1998
Gabon,74,1999
Gabon,89,2000
Gabon,102,2001
Gabon,121,2002
Gabon,111,2003
Gabon,109,2004
Gabon,104,2005
Gabon,95,2006
Gabon,104,2007
Gabon,62,2008
Gabon,48,2009
Gabon,39,2010
Gabon,77,2011
Gabon,42,2012
Gabon,77,2013
Gabon,65,2014
Gabon,76,2015
Gabon,110,2016
Gabon,93,2017
Gambia,125,1993
Gambia,117,1994
Gambia,112,1995
Gambia,128,1996
Gambia,132,1997
Gambia,135,1998
Gambia,151,1999
Gambia,155,2000
Gambia,148,2001
Gambia,143,2002
Gambia,138,2003
Gambia,154,2004
Gambia,164,2005
Gambia,134,2006
Gambia,117,2007
Gambia,88,2008
Gambia,116,2009
Gambia,100,2010
Gambia,116,2011
Gambia,141,2012
Gambia,131,2013
Gambia,168,2014
Gambia,164,2015
Gambia,175,2016
Gambia,164,2017
Guinea,63,1993
Guinea,66,1994
Guinea,63,1995
Guinea,73,1996
Guinea,65,1997
Guinea,79,1998
Guinea,91,1999
Guinea,80,2000
Guinea,108,2001
Guinea,120,2002
Guinea,101,2003
Guinea,86,2004
Guinea,79,2005
Guinea,23,2006
Guinea,33,2007
Guinea,39,2008
Guinea,73,2009
Guinea,46,2010
Guinea,80,2011
Guinea,60,2012
Guinea,61,2013
Guinea,39,2014
Guinea,50,2015
Guinea,69,2016
Guinea,65,2017
Ghana,37,1993
Ghana,26,1994
Ghana,29,1995
Ghana,25,1996
Ghana,57,1997
Ghana,48,1998
Ghana,48,1999
Ghana,57,2000
Ghana,59,2001
Ghana,61,2002
Ghana,78,2003
Ghana,77,2004
Ghana,50,2005
Ghana,28,2006
Ghana,43,2007
Ghana,25,2008
Ghana,34,2009
Ghana,16,2010
Ghana,29,2011
Ghana,30,2012
Ghana,24,2013
Ghana,37,2014
Ghana,33,2015
Ghana,53,2016
Ghana,50,2017
Libya,152,1993
Libya,167,1994
Libya,175,1995
Libya,184,1996
Libya,147,1997
Libya,147,1998
Libya,131,1999
Libya,116,2000
Libya,116,2001
Libya,104,2002
Libya,83,2003
Libya,61,2004
Libya,80,2005
Libya,99,2006
Libya,95,2007
Libya,82,2008
Libya,115,2009
Libya,72,2010
Libya,63,2011
Libya,54,2012
Libya,59,2013
Libya,78,2014
Libya,81,2015
Libya,85,2016
Libya,88,2017
Kenya,74,1993
Kenya,83,1994
Kenya,107,1995
Kenya,112,1996
Kenya,89,1997
Kenya,93,1998
Kenya,103,1999
Kenya,108,2000
Kenya,104,2001
Kenya,81,2002
Kenya,72,2003
Kenya,74,2004
Kenya,89,2005
Kenya,127,2006
Kenya,110,2007
Kenya,68,2008
Kenya,98,2009
Kenya,120,2010
Kenya,120,2011
Kenya,134,2012
Kenya,109,2013
Kenya,116,2014
Kenya,98,2015
Kenya,89,2016
Kenya,106,2017
Lesotho,138,1993
Lesotho,135,1994
Lesotho,149,1995
Lesotho,162,1996
Lesotho,149,1997
Lesotho,140,1998
Lesotho,154,1999
Lesotho,136,2000
Lesotho,126,2001
Lesotho,132,2002
Lesotho,120,2003
Lesotho,144,2004
Lesotho,145,2005
Lesotho,160,2006
Lesotho,154,2007
Lesotho,161,2008
Lesotho,150,2009
Lesotho,170,2010
Lesotho,147,2011
Lesotho,159,2012
Lesotho,138,2013
Lesotho,123,2014
Lesotho,153,2015
Lesotho,141,2016
Lesotho,145,2017
Morocco,30,1993
Morocco,33,1994
Morocco,38,1995
Morocco,27,1996
Morocco,15,1997
Morocco,13,1998
Morocco,24,1999
Morocco,28,2000
Morocco,36,2001
Morocco,35,2002
Morocco,38,2003
Morocco,33,2004
Morocco,36,2005
Morocco,39,2006
Morocco,39,2007
Morocco,41,2008
Morocco,67,2009
Morocco,79,2010
Morocco,61,2011
Morocco,74,2012
Morocco,73,2013
Morocco,81,2014
Morocco,75,2015
Morocco,57,2016
Morocco,40,2017
Liberia,123,1993
Liberia,127,1994
Liberia,87,1995
Liberia,94,1996
Liberia,94,1997
Liberia,108,1998
Liberia,105,1999
Liberia,95,2000
Liberia,73,2001
Liberia,88,2002
Liberia,110,2003
Liberia,123,2004
Liberia,135,2005
Liberia,115,2006
Liberia,145,2007
Liberia,139,2008
Liberia,161,2009
Liberia,160,2010
Liberia,123,2011
Liberia,112,2012
Liberia,98,2013
Liberia,115,2014
Liberia,107,2015
Liberia,101,2016
Liberia,134,2017
Guinea Bissau,215,1993
Guinea Bissau,215,1994
Guinea Bissau,215,1995
Guinea Bissau,215,1996
Guinea Bissau,215,1997
Guinea Bissau,215,1998
Guinea Bissau,215,1999
Guinea Bissau,215,2000
Guinea Bissau,215,2001
Guinea Bissau,215,2002
Guinea Bissau,215,2003
Guinea Bissau,215,2004
Guinea Bissau,215,2005
Guinea Bissau,215,2006
Guinea Bissau,215,2007
Guinea Bissau,215,2008
Guinea Bissau,215,2009
Guinea Bissau,215,2010
Guinea Bissau,215,2011
Guinea Bissau,215,2012
Guinea Bissau,215,2013
Guinea Bissau,215,2014
Guinea Bissau,215,2015
Guinea Bissau,215,2016
Guinea Bissau,215,2017
Equatorial Guinea,215,1995
Equatorial Guinea,215,1996
Equatorial Guinea,215,1997
Equatorial Guinea,162,1993
Equatorial Guinea,175,1994
Equatorial Guinea,195,1998
Equatorial Guinea,188,1999
Equatorial Guinea,187,2000
Equatorial Guinea,190,2001
Equatorial Guinea,192,2002
Equatorial Guinea,160,2003
Equatorial Guinea,171,2004
Equatorial Guinea,173,2005
Equatorial Guinea,109,2006
Equatorial Guinea,85,2007
Equatorial Guinea,123,2008
Equatorial Guinea,135,2009
Equatorial Guinea,165,2010
Equatorial Guinea,150,2011
Equatorial Guinea,79,2012
Equatorial Guinea,108,2013
Equatorial Guinea,120,2014
Equatorial Guinea,69,2015
Equatorial Guinea,114,2016
Equatorial Guinea,146,2017
Madagascar,89,1993
Madagascar,111,1994
Madagascar,132,1995
Madagascar,140,1996
Madagascar,163,1997
Madagascar,150,1998
Madagascar,134,1999
Madagascar,114,2000
Madagascar,122,2001
Madagascar,101,2002
Madagascar,118,2003
Madagascar,147,2004
Madagascar,149,2005
Madagascar,184,2006
Madagascar,149,2007
Madagascar,135,2008
Madagascar,158,2009
Madagascar,155,2010
Madagascar,160,2011
Madagascar,179,2012
Madagascar,187,2013
Madagascar,147,2014
Madagascar,128,2015
Madagascar,133,2016
Madagascar,108,2017
Mali,70,1993
Mali,52,1994
Mali,52,1995
Mali,67,1996
Mali,80,1997
Mali,70,1998
Mali,72,1999
Mali,98,2000
Mali,112,2001
Mali,73,2002
Mali,54,2003
Mali,51,2004
Mali,63,2005
Mali,36,2006
Mali,46,2007
Mali,45,2008
Mali,47,2009
Mali,67,2010
Mali,67,2011
Mali,25,2012
Mali,45,2013
Mali,50,2014
Mali,62,2015
Mali,60,2016
Mali,72,2017
Mozambique,104,1993
Mozambique,94,1994
Mozambique,76,1995
Mozambique,85,1996
Mozambique,67,1997
Mozambique,80,1998
Mozambique,101,1999
Mozambique,112,2000
Mozambique,128,2001
Mozambique,125,2002
Mozambique,127,2003
Mozambique,126,2004
Mozambique,130,2005
Mozambique,128,2006
Mozambique,75,2007
Mozambique,95,2008
Mozambique,72,2009
Mozambique,96,2010
Mozambique,105,2011
Mozambique,112,2012
Mozambique,118,2013
Mozambique,98,2014
Mozambique,111,2015
Mozambique,107,2016
Mozambique,110,2017
Mauritania,144,1993
Mauritania,137,1994
Mauritania,85,1995
Mauritania,113,1996
Mauritania,135,1997
Mauritania,142,1998
Mauritania,160,1999
Mauritania,161,2000
Mauritania,177,2001
Mauritania,180,2002
Mauritania,165,2003
Mauritania,175,2004
Mauritania,178,2005
Mauritania,133,2006
Mauritania,130,2007
Mauritania,158,2008
Mauritania,169,2009
Mauritania,180,2010
Mauritania,204,2011
Mauritania,206,2012
Mauritania,142,2013
Mauritania,137,2014
Mauritania,116,2015
Mauritania,108,2016
Mauritania,99,2017
Malawi,67,1993
Malawi,82,1994
Malawi,89,1995
Malawi,88,1996
Malawi,97,1997
Malawi,89,1998
Malawi,114,1999
Malawi,113,2000
Malawi,120,2001
Malawi,95,2002
Malawi,105,2003
Malawi,109,2004
Malawi,106,2005
Malawi,104,2006
Malawi,138,2007
Malawi,104,2008
Malawi,99,2009
Malawi,86,2010
Malawi,94,2011
Malawi,111,2012
Malawi,116,2013
Malawi,90,2014
Malawi,109,2015
Malawi,103,2016
Malawi,125,2017
Namibia,156,1993
Namibia,123,1994
Namibia,116,1995
Namibia,103,1996
Namibia,86,1997
Namibia,69,1998
Namibia,80,1999
Namibia,87,2000
Namibia,101,2001
Namibia,123,2002
Namibia,144,2003
Namibia,158,2004
Namibia,161,2005
Namibia,116,2006
Namibia,114,2007
Namibia,115,2008
Namibia,113,2009
Namibia,139,2010
Namibia,121,2011
Namibia,121,2012
Namibia,125,2013
Namibia,109,2014
Namibia,129,2015
Namibia,99,2016
Namibia,118,2017
Niger,81,1993
Niger,70,1994
Niger,93,1995
Niger,129,1996
Niger,150,1997
Niger,154,1998
Niger,164,1999
Niger,182,2000
Niger,191,2001
Niger,184,2002
Niger,164,2003
Niger,173,2004
Niger,177,2005
Niger,147,2006
Niger,155,2007
Niger,143,2008
Niger,163,2009
Niger,94,2010
Niger,97,2011
Niger,105,2012
Niger,104,2013
Niger,116,2014
Niger,100,2015
Niger,127,2016
Niger,108,2017
Nigeria,18,1993
Nigeria,12,1994
Nigeria,27,1995
Nigeria,63,1996
Nigeria,71,1997
Nigeria,65,1998
Nigeria,76,1999
Nigeria,52,2000
Nigeria,40,2001
Nigeria,29,2002
Nigeria,35,2003
Nigeria,21,2004
Nigeria,24,2005
Nigeria,9,2006
Nigeria,20,2007
Nigeria,19,2008
Nigeria,22,2009
Nigeria,32,2010
Nigeria,43,2011
Nigeria,52,2012
Nigeria,37,2013
Nigeria,43,2014
Nigeria,66,2015
Nigeria,51,2016
Nigeria,51,2017
Rwanda,215,1993
Rwanda,215,1994
Rwanda,215,1995
Rwanda,159,1996
Rwanda,172,1997
Rwanda,170,1998
Rwanda,146,1999
Rwanda,128,2000
Rwanda,144,2001
Rwanda,130,2002
Rwanda,109,2003
Rwanda,99,2004
Rwanda,89,2005
Rwanda,121,2006
Rwanda,99,2007
Rwanda,78,2008
Rwanda,102,2009
Rwanda,132,2010
Rwanda,106,2011
Rwanda,134,2012
Rwanda,133,2013
Rwanda,68,2014
Rwanda,101,2015
Rwanda,92,2016
Rwanda,113,2017
Western Sahara,215,1993
Western Sahara,215,1994
Western Sahara,215,1995
Western Sahara,215,1996
Western Sahara,215,1997
Western Sahara,215,1998
Western Sahara,215,1999
Western Sahara,215,2000
Western Sahara,215,2001
Western Sahara,215,2002
Western Sahara,215,2003
Western Sahara,215,2004
Western Sahara,215,2005
Western Sahara,215,2006
Western Sahara,215,2007
Western Sahara,215,2008
Western Sahara,215,2009
Western Sahara,215,2010
Western Sahara,215,2011
Western Sahara,215,2012
Western Sahara,215,2013
Western Sahara,215,2014
Western Sahara,215,2015
Western Sahara,215,2016
Western Sahara,215,2017
Sudan,119,1993
Sudan,116,1994
Sudan,86,1995
Sudan,74,1996
Sudan,108,1997
Sudan,114,1998
Sudan,132,1999
Sudan,132,2000
Sudan,118,2001
Sudan,106,2002
Sudan,103,2003
Sudan,114,2004
Sudan,92,2005
Sudan,120,2006
Sudan,92,2007
Sudan,93,2008
Sudan,108,2009
Sudan,92,2010
Sudan,113,2011
Sudan,101,2012
Sudan,119,2013
Sudan,110,2014
Sudan,134,2015
Sudan,135,2016
Sudan,136,2017
South Sudan,215,1993
South Sudan,215,1994
South Sudan,215,1995
South Sudan,215,1996
South Sudan,215,1997
South Sudan,215,1998
South Sudan,215,1999
South Sudan,215,2000
South Sudan,215,2001
South Sudan,215,2002
South Sudan,215,2003
South Sudan,215,2004
South Sudan,215,2005
South Sudan,215,2006
South Sudan,215,2007
South Sudan,215,2008
South Sudan,215,2009
South Sudan,215,2010
South Sudan,215,2011
South Sudan,199,2012
South Sudan,201,2013
South Sudan,189,2014
South Sudan,138,2015
South Sudan,168,2016
South Sudan,153,2017
Senegal,56,1993
Senegal,50,1994
Senegal,47,1995
Senegal,58,1996
Senegal,85,1997
Senegal,95,1998
Senegal,79,1999
Senegal,88,2000
Senegal,65,2001
Senegal,27,2002
Senegal,33,2003
Senegal,31,2004
Senegal,30,2005
Senegal,41,2006
Senegal,38,2007
Senegal,50,2008
Senegal,89,2009
Senegal,70,2010
Senegal,44,2011
Senegal,77,2012
Senegal,65,2013
Senegal,35,2014
Senegal,44,2015
Senegal,33,2016
Senegal,23,2017
Sierra Leone,76,1993
Sierra Leone,76,1994
Sierra Leone,58,1995
Sierra Leone,84,1996
Sierra Leone,84,1997
Sierra Leone,111,1998
Sierra Leone,120,1999
Sierra Leone,129,2000
Sierra Leone,138,2001
Sierra Leone,133,2002
Sierra Leone,146,2003
Sierra Leone,160,2004
Sierra Leone,163,2005
Sierra Leone,148,2006
Sierra Leone,156,2007
Sierra Leone,116,2008
Sierra Leone,138,2009
Sierra Leone,125,2010
Sierra Leone,60,2011
Sierra Leone,62,2012
Sierra Leone,75,2013
Sierra Leone,86,2014
Sierra Leone,118,2015
Sierra Leone,96,2016
Sierra Leone,97,2017
Somaliland,215,1993
Somaliland,215,1994
Somaliland,215,1995
Somaliland,215,1996
Somaliland,215,1997
Somaliland,215,1998
Somaliland,215,1999
Somaliland,215,2000
Somaliland,215,2001
Somaliland,215,2002
Somaliland,215,2003
Somaliland,215,2004
Somaliland,215,2005
Somaliland,215,2006
Somaliland,215,2007
Somaliland,215,2008
Somaliland,215,2009
Somaliland,215,2010
Somaliland,215,2011
Somaliland,215,2012
Somaliland,215,2013
Somaliland,215,2014
Somaliland,215,2015
Somaliland,215,2016
Somaliland,215,2017
Somalia,215,1993
Somalia,215,1994
Somalia,165,1995
Somalia,178,1996
Somalia,187,1997
Somalia,190,1998
Somalia,197,1999
Somalia,194,2000
Somalia,197,2001
Somalia,190,2002
Somalia,191,2003
Somalia,193,2004
Somalia,184,2005
Somalia,193,2006
Somalia,195,2007
Somalia,200,2008
Somalia,170,2009
Somalia,182,2010
Somalia,189,2011
Somalia,195,2012
Somalia,203,2013
Somalia,204,2014
Somalia,204,2015
Somalia,205,2016
Somalia,206,2017
Swaziland,215,1993
Swaziland,215,1994
Swaziland,215,1995
Swaziland,215,1996
Swaziland,215,1997
Swaziland,215,1998
Swaziland,215,1999
Swaziland,215,2000
Swaziland,215,2001
Swaziland,215,2002
Swaziland,215,2003
Swaziland,215,2004
Swaziland,215,2005
Swaziland,215,2006
Swaziland,215,2007
Swaziland,215,2008
Swaziland,215,2009
Swaziland,215,2010
Swaziland,215,2011
Swaziland,215,2012
Swaziland,215,2013
Swaziland,215,2014
Swaziland,215,2015
Swaziland,215,2016
Swaziland,215,2017
Chad,166,1993
Chad,175,1994
Chad,180,1995
Chad,188,1996
Chad,184,1997
Chad,178,1998
Chad,166,1999
Chad,163,2000
Chad,176,2001
Chad,173,2002
Chad,152,2003
Chad,168,2004
Chad,159,2005
Chad,142,2006
Chad,141,2007
Chad,119,2008
Chad,145,2009
Chad,141,2010
Chad,143,2011
Chad,140,2012
Chad,164,2013
Chad,146,2014
Chad,114,2015
Chad,152,2016
Chad,168,2017
Togo,113,1993
Togo,86,1994
Togo,92,1995
Togo,87,1996
Togo,78,1997
Togo,68,1998
Togo,87,1999
Togo,81,2000
Togo,71,2001
Togo,86,2002
Togo,94,2003
Togo,89,2004
Togo,56,2005
Togo,60,2006
Togo,72,2007
Togo,86,2008
Togo,71,2009
Togo,103,2010
Togo,101,2011
Togo,71,2012
Togo,72,2013
Togo,62,2014
Togo,96,2015
Togo,91,2016
Togo,122,2017
Tunisia,32,1993
Tunisia,30,1994
Tunisia,22,1995
Tunisia,23,1996
Tunisia,23,1997
Tunisia,21,1998
Tunisia,31,1999
Tunisia,26,2000
Tunisia,28,2001
Tunisia,41,2002
Tunisia,45,2003
Tunisia,35,2004
Tunisia,28,2005
Tunisia,32,2006
Tunisia,47,2007
Tunisia,46,2008
Tunisia,53,2009
Tunisia,45,2010
Tunisia,59,2011
Tunisia,45,2012
Tunisia,48,2013
Tunisia,22,2014
Tunisia,40,2015
Tunisia,35,2016
Tunisia,27,2017
Uganda,94,1993
Uganda,93,1994
Uganda,74,1995
Uganda,81,1996
Uganda,109,1997
Uganda,105,1998
Uganda,108,1999
Uganda,103,2000
Uganda,119,2001
Uganda,102,2002
Uganda,103,2003
Uganda,109,2004
Uganda,101,2005
Uganda,103,2006
Uganda,76,2007
Uganda,71,2008
Uganda,75,2009
Uganda,80,2010
Uganda,89,2011
Uganda,84,2012
Uganda,86,2013
Uganda,76,2014
Uganda,63,2015
Uganda,72,2016
Uganda,75,2017
United Republic of Tanzania,98,1993
United Republic of Tanzania,74,1994
United Republic of Tanzania,70,1995
United Republic of Tanzania,89,1996
United Republic of Tanzania,96,1997
United Republic of Tanzania,118,1998
United Republic of Tanzania,128,1999
United Republic of Tanzania,140,2000
United Republic of Tanzania,149,2001
United Republic of Tanzania,153,2002
United Republic of Tanzania,159,2003
United Republic of Tanzania,172,2004
United Republic of Tanzania,165,2005
United Republic of Tanzania,110,2006
United Republic of Tanzania,89,2007
United Republic of Tanzania,99,2008
United Republic of Tanzania,106,2009
United Republic of Tanzania,116,2010
United Republic of Tanzania,137,2011
United Republic of Tanzania,130,2012
United Republic of Tanzania,120,2013
United Republic of Tanzania,105,2014
United Republic of Tanzania,132,2015
United Republic of Tanzania,156,2016
United Republic of Tanzania,147,2017
South Africa,95,1993
South Africa,56,1994
South Africa,40,1995
South Africa,19,1996
South Africa,31,1997
South Africa,26,1998
South Africa,30,1999
South Africa,20,2000
South Africa,35,2001
South Africa,30,2002
South Africa,36,2003
South Africa,38,2004
South Africa,49,2005
South Africa,67,2006
South Africa,77,2007
South Africa,76,2008
South Africa,85,2009
South Africa,51,2010
South Africa,52,2011
South Africa,87,2012
South Africa,62,2013
South Africa,52,2014
South Africa,72,2015
South Africa,60,2016
South Africa,81,2017
Zambia,27,1993
Zambia,21,1994
Zambia,25,1995
Zambia,20,1996
Zambia,21,1997
Zambia,29,1998
Zambia,36,1999
Zambia,49,2000
Zambia,64,2001
Zambia,67,2002
Zambia,68,2003
Zambia,70,2004
Zambia,58,2005
Zambia,62,2006
Zambia,65,2007
Zambia,72,2008
Zambia,84,2009
Zambia,76,2010
Zambia,79,2011
Zambia,34,2012
Zambia,69,2013
Zambia,46,2014
Zambia,73,2015
Zambia,88,2016
Zambia,74,2017
Zimbabwe,46,1993
Zimbabwe,51,1994
Zimbabwe,59,1995
Zimbabwe,71,1996
Zimbabwe,74,1997
Zimbabwe,74,1998
Zimbabwe,67,1999
Zimbabwe,68,2000
Zimbabwe,68,2001
Zimbabwe,57,2002
Zimbabwe,53,2003
Zimbabwe,60,2004
Zimbabwe,53,2005
Zimbabwe,76,2006
Zimbabwe,87,2007
Zimbabwe,97,2008
Zimbabwe,109,2009
Zimbabwe,118,2010
Zimbabwe,98,2011
Zimbabwe,101,2012
Zimbabwe,107,2013
Zimbabwe,108,2014
Zimbabwe,110,2015
Zimbabwe,102,2016
Zimbabwe,103,2017
Australia,49,1993
Australia,58,1994
Australia,51,1995
Australia,50,1996
Australia,35,1997
Australia,39,1998
Australia,89,1999
Australia,73,2000
Australia,48,2001
Australia,50,2002
Australia,82,2003
Australia,58,2004
Australia,48,2005
Australia,39,2006
Australia,48,2007
Australia,28,2008
Australia,21,2009
Australia,26,2010
Australia,23,2011
Australia,36,2012
Australia,58,2013
Australia,100,2014
Australia,57,2015
Australia,47,2016
Australia,38,2017
Fiji,107,1993
Fiji,120,1994
Fiji,139,1995
Fiji,157,1996
Fiji,146,1997
Fiji,124,1998
Fiji,135,1999
Fiji,141,2000
Fiji,123,2001
Fiji,140,2002
Fiji,149,2003
Fiji,135,2004
Fiji,135,2005
Fiji,150,2006
Fiji,131,2007
Fiji,106,2008
Fiji,132,2009
Fiji,152,2010
Fiji,161,2011
Fiji,169,2012
Fiji,182,2013
Fiji,192,2014
Fiji,186,2015
Fiji,179,2016
Fiji,168,2017
New Caledonia,215,1993
New Caledonia,215,1994
New Caledonia,215,1995
New Caledonia,215,1996
New Caledonia,215,1997
New Caledonia,215,1998
New Caledonia,215,1999
New Caledonia,215,2000
New Caledonia,215,2001
New Caledonia,215,2002
New Caledonia,215,2003
New Caledonia,186,2004
New Caledonia,187,2005
New Caledonia,176,2006
New Caledonia,118,2007
New Caledonia,130,2008
New Caledonia,147,2009
New Caledonia,156,2010
New Caledonia,166,2011
New Caledonia,108,2012
New Caledonia,121,2013
New Caledonia,153,2014
New Caledonia,181,2015
New Caledonia,168,2016
New Caledonia,154,2017
New Zealand,77,1993
New Zealand,99,1994
New Zealand,102,1995
New Zealand,132,1996
New Zealand,120,1997
New Zealand,103,1998
New Zealand,100,1999
New Zealand,91,2000
New Zealand,84,2001
New Zealand,49,2002
New Zealand,88,2003
New Zealand,95,2004
New Zealand,120,2005
New Zealand,131,2006
New Zealand,95,2007
New Zealand,86,2008
New Zealand,82,2009
New Zealand,63,2010
New Zealand,119,2011
New Zealand,91,2012
New Zealand,90,2013
New Zealand,134,2014
New Zealand,151,2015
New Zealand,109,2016
New Zealand,121,2017
Papua New Guinea,215,1993
Papua New Guinea,215,1994
Papua New Guinea,215,1995
Papua New Guinea,169,1996
Papua New Guinea,167,1997
Papua New Guinea,172,1998
Papua New Guinea,183,1999
Papua New Guinea,192,2000
Papua New Guinea,196,2001
Papua New Guinea,167,2002
Papua New Guinea,172,2003
Papua New Guinea,161,2004
Papua New Guinea,166,2005
Papua New Guinea,178,2006
Papua New Guinea,183,2007
Papua New Guinea,201,2008
Papua New Guinea,203,2009
Papua New Guinea,203,2010
Papua New Guinea,193,2011
Papua New Guinea,188,2012
Papua New Guinea,194,2013
Papua New Guinea,199,2014
Papua New Guinea,203,2015
Papua New Guinea,170,2016
Papua New Guinea,160,2017
Solomon Islands,149,1993
Solomon Islands,163,1994
Solomon Islands,170,1995
Solomon Islands,171,1996
Solomon Islands,130,1997
Solomon Islands,128,1998
Solomon Islands,144,1999
Solomon Islands,130,2000
Solomon Islands,134,2001
Solomon Islands,142,2002
Solomon Islands,156,2003
Solomon Islands,130,2004
Solomon Islands,140,2005
Solomon Islands,160,2006
Solomon Islands,123,2007
Solomon Islands,163,2008
Solomon Islands,172,2009
Solomon Islands,177,2010
Solomon Islands,180,2011
Solomon Islands,150,2012
Solomon Islands,172,2013
Solomon Islands,183,2014
Solomon Islands,200,2015
Solomon Islands,187,2016
Solomon Islands,151,2017
Vanuatu,164,1993
Vanuatu,172,1994
Vanuatu,179,1995
Vanuatu,180,1996
Vanuatu,186,1997
Vanuatu,177,1998
Vanuatu,184,1999
Vanuatu,167,2000
Vanuatu,168,2001
Vanuatu,156,2002
Vanuatu,160,2003
Vanuatu,143,2004
Vanuatu,146,2005
Vanuatu,167,2006
Vanuatu,140,2007
Vanuatu,141,2008
Vanuatu,155,2009
Vanuatu,167,2010
Vanuatu,174,2011
Vanuatu,165,2012
Vanuatu,180,2013
Vanuatu,191,2014
Vanuatu,193,2015
Vanuatu,175,2016
Vanuatu,157,2017
Albania,92,1993
Albania,100,1994
Albania,91,1995
Albania,116,1996
Albania,116,1997
Albania,106,1998
Albania,83,1999
Albania,72,2000
Albania,96,2001
Albania,93,2002
Albania,89,2003
Albania,86,2004
Albania,82,2005
Albania,87,2006
Albania,80,2007
Albania,81,2008
Albania,96,2009
Albania,65,2010
Albania,74,2011
Albania,63,2012
Albania,57,2013
Albania,58,2014
Albania,38,2015
Albania,49,2016
Albania,62,2017
Austria,36,1993
Austria,49,1994
Austria,39,1995
Austria,34,1996
Austria,25,1997
Austria,22,1998
Austria,28,1999
Austria,44,2000
Austria,56,2001
Austria,54,2002
Austria,67,2003
Austria,83,2004
Austria,69,2005
Austria,65,2006
Austria,94,2007
Austria,92,2008
Austria,61,2009
Austria,46,2010
Austria,70,2011
Austria,70,2012
Austria,46,2013
Austria,23,2014
Austria,10,2015
Austria,31,2016
Austria,29,2017
Belgium,25,1993
Belgium,24,1994
Belgium,24,1995
Belgium,42,1996
Belgium,41,1997
Belgium,35,1998
Belgium,33,1999
Belgium,27,2000
Belgium,20,2001
Belgium,17,2002
Belgium,16,2003
Belgium,45,2004
Belgium,55,2005
Belgium,53,2006
Belgium,49,2007
Belgium,54,2008
Belgium,66,2009
Belgium,57,2010
Belgium,41,2011
Belgium,21,2012
Belgium,11,2013
Belgium,4,2014
Belgium,1,2015
Belgium,5,2016
Belgium,5,2017
Bosnia and Herzegovina,215,1993
Bosnia and Herzegovina,215,1994
Bosnia and Herzegovina,215,1995
Bosnia and Herzegovina,152,1996
Bosnia and Herzegovina,99,1997
Bosnia and Herzegovina,96,1998
Bosnia and Herzegovina,75,1999
Bosnia and Herzegovina,78,2000
Bosnia and Herzegovina,69,2001
Bosnia and Herzegovina,87,2002
Bosnia and Herzegovina,59,2003
Bosnia and Herzegovina,79,2004
Bosnia and Herzegovina,65,2005
Bosnia and Herzegovina,59,2006
Bosnia and Herzegovina,51,2007
Bosnia and Herzegovina,61,2008
Bosnia and Herzegovina,51,2009
Bosnia and Herzegovina,44,2010
Bosnia and Herzegovina,20,2011
Bosnia and Herzegovina,27,2012
Bosnia and Herzegovina,19,2013
Bosnia and Herzegovina,29,2014
Bosnia and Herzegovina,22,2015
Bosnia and Herzegovina,27,2016
Bosnia and Herzegovina,37,2017
Bulgaria,31,1993
Bulgaria,16,1994
Bulgaria,17,1995
Bulgaria,15,1996
Bulgaria,36,1997
Bulgaria,49,1998
Bulgaria,37,1999
Bulgaria,53,2000
Bulgaria,51,2001
Bulgaria,42,2002
Bulgaria,34,2003
Bulgaria,37,2004
Bulgaria,39,2005
Bulgaria,43,2006
Bulgaria,18,2007
Bulgaria,27,2008
Bulgaria,30,2009
Bulgaria,49,2010
Bulgaria,84,2011
Bulgaria,50,2012
Bulgaria,74,2013
Bulgaria,66,2014
Bulgaria,71,2015
Bulgaria,71,2016
Bulgaria,43,2017
Belarus,137,1993
Belarus,121,1994
Belarus,88,1995
Belarus,90,1996
Belarus,110,1997
Belarus,104,1998
Belarus,95,1999
Belarus,96,2000
Belarus,85,2001
Belarus,74,2002
Belarus,90,2003
Belarus,69,2004
Belarus,61,2005
Belarus,70,2006
Belarus,60,2007
Belarus,84,2008
Belarus,80,2009
Belarus,38,2010
Belarus,64,2011
Belarus,65,2012
Belarus,81,2013
Belarus,99,2014
Belarus,67,2015
Belarus,74,2016
Belarus,92,2017
Switzerland,12,1993
Switzerland,7,1994
Switzerland,18,1995
Switzerland,47,1996
Switzerland,62,1997
Switzerland,83,1998
Switzerland,47,1999
Switzerland,58,2000
Switzerland,63,2001
Switzerland,44,2002
Switzerland,44,2003
Switzerland,51,2004
Switzerland,35,2005
Switzerland,17,2006
Switzerland,44,2007
Switzerland,24,2008
Switzerland,18,2009
Switzerland,22,2010
Switzerland,17,2011
Switzerland,12,2012
Switzerland,8,2013
Switzerland,12,2014
Switzerland,12,2015
Switzerland,11,2016
Switzerland,8,2017
Czech Republic,215,1993
Czech Republic,34,1994
Czech Republic,14,1995
Czech Republic,5,1996
Czech Republic,3,1997
Czech Republic,8,1998
Czech Republic,2,1999
Czech Republic,5,2000
Czech Republic,14,2001
Czech Republic,15,2002
Czech Republic,6,2003
Czech Republic,4,2004
Czech Republic,2,2005
Czech Republic,10,2006
Czech Republic,6,2007
Czech Republic,11,2008
Czech Republic,25,2009
Czech Republic,30,2010
Czech Republic,33,2011
Czech Republic,29,2012
Czech Republic,28,2013
Czech Republic,17,2014
Czech Republic,26,2015
Czech Republic,43,2016
Czech Republic,48,2017
Germany,1,1993
Germany,5,1994
Germany,2,1995
Germany,2,1996
Germany,2,1997
Germany,3,1998
Germany,5,1999
Germany,11,2000
Germany,12,2001
Germany,4,2002
Germany,12,2003
Germany,19,2004
Germany,16,2005
Germany,6,2006
Germany,5,2007
Germany,2,2008
Germany,6,2009
Germany,3,2010
Germany,3,2011
Germany,2,2012
Germany,2,2013
Germany,1,2014
Germany,4,2015
Germany,3,2016
Germany,1,2017
Denmark,6,1993
Denmark,14,1994
Denmark,9,1995
Denmark,6,1996
Denmark,8,1997
Denmark,19,1998
Denmark,11,1999
Denmark,22,2000
Denmark,18,2001
Denmark,12,2002
Denmark,13,2003
Denmark,14,2004
Denmark,13,2005
Denmark,21,2006
Denmark,31,2007
Denmark,37,2008
Denmark,28,2009
Denmark,28,2010
Denmark,11,2011
Denmark,23,2012
Denmark,25,2013
Denmark,30,2014
Denmark,42,2015
Denmark,46,2016
Denmark,12,2017
Spain,5,1993
Spain,2,1994
Spain,4,1995
Spain,8,1996
Spain,11,1997
Spain,15,1998
Spain,4,1999
Spain,7,2000
Spain,7,2001
Spain,3,2002
Spain,3,2003
Spain,5,2004
Spain,5,2005
Spain,12,2006
Spain,4,2007
Spain,1,2008
Spain,1,2009
Spain,1,2010
Spain,1,2011
Spain,1,2012
Spain,1,2013
Spain,9,2014
Spain,3,2015
Spain,10,2016
Spain,6,2017
Estonia,109,1993
Estonia,119,1994
Estonia,129,1995
Estonia,102,1996
Estonia,100,1997
Estonia,90,1998
Estonia,70,1999
Estonia,67,2000
Estonia,83,2001
Estonia,60,2002
Estonia,68,2003
Estonia,81,2004
Estonia,76,2005
Estonia,106,2006
Estonia,124,2007
Estonia,119,2008
Estonia,102,2009
Estonia,82,2010
Estonia,57,2011
Estonia,86,2012
Estonia,94,2013
Estonia,84,2014
Estonia,93,2015
Estonia,116,2016
Estonia,89,2017
Finland,45,1993
Finland,38,1994
Finland,44,1995
Finland,79,1996
Finland,60,1997
Finland,55,1998
Finland,56,1999
Finland,59,2000
Finland,46,2001
Finland,43,2002
Finland,40,2003
Finland,43,2004
Finland,46,2005
Finland,52,2006
Finland,36,2007
Finland,55,2008
Finland,55,2009
Finland,83,2010
Finland,86,2011
Finland,83,2012
Finland,64,2013
Finland,70,2014
Finland,43,2015
Finland,94,2016
Finland,66,2017
France,15,1993
France,19,1994
France,8,1995
France,3,1996
France,6,1997
France,2,1998
France,3,1999
France,2,2000
France,1,2001
France,2,2002
France,2,2003
France,2,2004
France,5,2005
France,4,2006
France,7,2007
France,11,2008
France,7,2009
France,18,2010
France,15,2011
France,17,2012
France,20,2013
France,7,2014
France,25,2015
France,7,2016
France,9,2017
United Kingdom,11,1993
United Kingdom,18,1994
United Kingdom,21,1995
United Kingdom,12,1996
United Kingdom,4,1997
United Kingdom,9,1998
United Kingdom,12,1999
United Kingdom,17,2000
United Kingdom,10,2001
United Kingdom,7,2002
United Kingdom,8,2003
United Kingdom,8,2004
United Kingdom,9,2005
United Kingdom,5,2006
United Kingdom,12,2007
United Kingdom,8,2008
United Kingdom,9,2009
United Kingdom,6,2010
United Kingdom,5,2011
United Kingdom,6,2012
United Kingdom,13,2013
United Kingdom,13,2014
United Kingdom,9,2015
United Kingdom,13,2016
United Kingdom,15,2017
Greece,34,1993
Greece,28,1994
Greece,34,1995
Greece,35,1996
Greece,42,1997
Greece,53,1998
Greece,34,1999
Greece,42,2000
Greece,57,2001
Greece,48,2002
Greece,30,2003
Greece,18,2004
Greece,16,2005
Greece,16,2006
Greece,11,2007
Greece,20,2008
Greece,13,2009
Greece,11,2010
Greece,14,2011
Greece,11,2012
Greece,12,2013
Greece,24,2014
Greece,41,2015
Greece,42,2016
Greece,47,2017
Croatia,122,1993
Croatia,62,1994
Croatia,41,1995
Croatia,24,1996
Croatia,19,1997
Croatia,4,1998
Croatia,9,1999
Croatia,18,2000
Croatia,19,2001
Croatia,32,2002
Croatia,20,2003
Croatia,23,2004
Croatia,20,2005
Croatia,15,2006
Croatia,10,2007
Croatia,7,2008
Croatia,10,2009
Croatia,10,2010
Croatia,8,2011
Croatia,10,2012
Croatia,16,2013
Croatia,19,2014
Croatia,18,2015
Croatia,14,2016
Croatia,17,2017
Hungary,50,1993
Hungary,61,1994
Hungary,62,1995
Hungary,75,1996
Hungary,77,1997
Hungary,46,1998
Hungary,45,1999
Hungary,47,2000
Hungary,66,2001
Hungary,56,2002
Hungary,72,2003
Hungary,64,2004
Hungary,74,2005
Hungary,62,2006
Hungary,50,2007
Hungary,47,2008
Hungary,54,2009
Hungary,42,2010
Hungary,37,2011
Hungary,32,2012
Hungary,44,2013
Hungary,45,2014
Hungary,20,2015
Hungary,26,2016
Hungary,53,2017
Ireland,10,1993
Ireland,9,1994
Ireland,28,1995
Ireland,36,1996
Ireland,47,1997
Ireland,56,1998
Ireland,35,1999
Ireland,31,2000
Ireland,17,2001
Ireland,14,2002
Ireland,14,2003
Ireland,12,2004
Ireland,24,2005
Ireland,49,2006
Ireland,35,2007
Ireland,38,2008
Ireland,35,2009
Ireland,36,2010
Ireland,22,2011
Ireland,42,2012
Ireland,67,2013
Ireland,64,2014
Ireland,31,2015
Ireland,23,2016
Ireland,32,2017
Italy,2,1993
Italy,4,1994
Italy,3,1995
Italy,10,1996
Italy,9,1997
Italy,7,1998
Italy,14,1999
Italy,4,2000
Italy,6,2001
Italy,13,2002
Italy,10,2003
Italy,10,2004
Italy,12,2005
Italy,2,2006
Italy,3,2007
Italy,4,2008
Italy,4,2009
Italy,14,2010
Italy,9,2011
Italy,4,2012
Italy,7,2013
Italy,11,2014
Italy,15,2015
Italy,16,2016
Italy,14,2017
Iceland,47,1993
Iceland,39,1994
Iceland,50,1995
Iceland,60,1996
Iceland,72,1997
Iceland,64,1998
Iceland,43,1999
Iceland,50,2000
Iceland,52,2001
Iceland,58,2002
Iceland,58,2003
Iceland,93,2004
Iceland,94,2005
Iceland,93,2006
Iceland,90,2007
Iceland,83,2008
Iceland,92,2009
Iceland,112,2010
Iceland,104,2011
Iceland,90,2012
Iceland,49,2013
Iceland,33,2014
Iceland,36,2015
Iceland,21,2016
Iceland,22,2017
Kosovo,215,1993
Kosovo,215,1994
Kosovo,215,1995
Kosovo,215,1996
Kosovo,215,1997
Kosovo,215,1998
Kosovo,215,1999
Kosovo,215,2000
Kosovo,215,2001
Kosovo,215,2002
Kosovo,215,2003
Kosovo,215,2004
Kosovo,215,2005
Kosovo,215,2006
Kosovo,215,2007
Kosovo,215,2008
Kosovo,215,2009
Kosovo,215,2010
Kosovo,215,2011
Kosovo,215,2012
Kosovo,215,2013
Kosovo,215,2014
Kosovo,215,2015
Kosovo,165,2016
Kosovo,177,2017
Lithuania,85,1993
Lithuania,59,1994
Lithuania,43,1995
Lithuania,48,1996
Lithuania,45,1997
Lithuania,54,1998
Lithuania,50,1999
Lithuania,85,2000
Lithuania,97,2001
Lithuania,100,2002
Lithuania,101,2003
Lithuania,100,2004
Lithuania,100,2005
Lithuania,69,2006
Lithuania,59,2007
Lithuania,51,2008
Lithuania,62,2009
Lithuania,55,2010
Lithuania,92,2011
Lithuania,116,2012
Lithuania,102,2013
Lithuania,92,2014
Lithuania,126,2015
Lithuania,105,2016
Lithuania,149,2017
Luxembourg,111,1993
Luxembourg,128,1994
Luxembourg,100,1995
Luxembourg,123,1996
Luxembourg,138,1997
Luxembourg,143,1998
Luxembourg,124,1999
Luxembourg,139,2000
Luxembourg,142,2001
Luxembourg,148,2002
Luxembourg,153,2003
Luxembourg,155,2004
Luxembourg,150,2005
Luxembourg,186,2006
Luxembourg,149,2007
Luxembourg,121,2008
Luxembourg,128,2009
Luxembourg,134,2010
Luxembourg,128,2011
Luxembourg,148,2012
Luxembourg,123,2013
Luxembourg,128,2014
Luxembourg,142,2015
Luxembourg,130,2016
Luxembourg,83,2017
Latvia,86,1993
Latvia,69,1994
Latvia,60,1995
Latvia,82,1996
Latvia,75,1997
Latvia,77,1998
Latvia,62,1999
Latvia,92,2000
Latvia,106,2001
Latvia,79,2002
Latvia,51,2003
Latvia,65,2004
Latvia,69,2005
Latvia,90,2006
Latvia,86,2007
Latvia,67,2008
Latvia,45,2009
Latvia,78,2010
Latvia,68,2011
Latvia,106,2012
Latvia,116,2013
Latvia,96,2014
Latvia,101,2015
Latvia,111,2016
Latvia,132,2017
Macedonia,215,1993
Macedonia,90,1994
Macedonia,94,1995
Macedonia,86,1996
Macedonia,92,1997
Macedonia,59,1998
Macedonia,68,1999
Macedonia,76,2000
Macedonia,89,2001
Macedonia,85,2002
Macedonia,92,2003
Macedonia,92,2004
Macedonia,87,2005
Macedonia,54,2006
Macedonia,58,2007
Macedonia,56,2008
Macedonia,65,2009
Macedonia,76,2010
Macedonia,103,2011
Macedonia,81,2012
Macedonia,83,2013
Macedonia,100,2014
Macedonia,136,2015
Macedonia,162,2016
Macedonia,76,2017
Montenegro,215,1993
Montenegro,215,1994
Montenegro,215,1995
Montenegro,215,1996
Montenegro,215,1997
Montenegro,215,1998
Montenegro,215,1999
Montenegro,215,2000
Montenegro,215,2001
Montenegro,215,2002
Montenegro,215,2003
Montenegro,215,2004
Montenegro,215,2005
Montenegro,215,2006
Montenegro,172,2007
Montenegro,112,2008
Montenegro,74,2009
Montenegro,25,2010
Montenegro,51,2011
Montenegro,31,2012
Montenegro,52,2013
Montenegro,59,2014
Montenegro,85,2015
Montenegro,63,2016
Montenegro,46,2017
Moldova,215,1993
Moldova,118,1994
Moldova,109,1995
Moldova,117,1996
Moldova,131,1997
Moldova,116,1998
Moldova,93,1999
Moldova,94,2000
Moldova,103,2001
Moldova,111,2002
Moldova,106,2003
Moldova,114,2004
Moldova,107,2005
Moldova,86,2006
Moldova,52,2007
Moldova,97,2008
Moldova,94,2009
Moldova,84,2010
Moldova,136,2011
Moldova,128,2012
Moldova,96,2013
Moldova,121,2014
Moldova,155,2015
Moldova,164,2016
Moldova,167,2017
Netherlands,7,1993
Netherlands,6,1994
Netherlands,6,1995
Netherlands,9,1996
Netherlands,22,1997
Netherlands,11,1998
Netherlands,19,1999
Netherlands,8,2000
Netherlands,8,2001
Netherlands,6,2002
Netherlands,4,2003
Netherlands,6,2004
Netherlands,3,2005
Netherlands,7,2006
Netherlands,9,2007
Netherlands,3,2008
Netherlands,3,2009
Netherlands,2,2010
Netherlands,2,2011
Netherlands,8,2012
Netherlands,9,2013
Netherlands,5,2014
Netherlands,14,2015
Netherlands,22,2016
Netherlands,20,2017
Norway,4,1993
Norway,8,1994
Norway,10,1995
Norway,14,1996
Norway,13,1997
Norway,14,1998
Norway,7,1999
Norway,14,2000
Norway,26,2001
Norway,26,2002
Norway,42,2003
Norway,35,2004
Norway,38,2005
Norway,50,2006
Norway,29,2007
Norway,59,2008
Norway,32,2009
Norway,12,2010
Norway,25,2011
Norway,24,2012
Norway,54,2013
Norway,67,2014
Norway,54,2015
Norway,83,2016
Norway,59,2017
Poland,28,1993
Poland,29,1994
Poland,33,1995
Poland,53,1996
Poland,48,1997
Poland,31,1998
Poland,32,1999
Poland,43,2000
Poland,33,2001
Poland,34,2002
Poland,25,2003
Poland,25,2004
Poland,22,2005
Poland,24,2006
Poland,22,2007
Poland,34,2008
Poland,58,2009
Poland,73,2010
Poland,66,2011
Poland,55,2012
Poland,76,2013
Poland,41,2014
Poland,34,2015
Poland,15,2016
Poland,7,2017
Portugal,20,1993
Portugal,20,1994
Portugal,16,1995
Portugal,13,1996
Portugal,30,1997
Portugal,36,1998
Portugal,15,1999
Portugal,6,2000
Portugal,4,2001
Portugal,11,2002
Portugal,17,2003
Portugal,9,2004
Portugal,10,2005
Portugal,8,2006
Portugal,8,2007
Portugal,11,2008
Portugal,5,2009
Portugal,8,2010
Portugal,7,2011
Portugal,7,2012
Portugal,5,2013
Portugal,7,2014
Portugal,7,2015
Portugal,8,2016
Portugal,3,2017
Russia,14,1993
Russia,13,1994
Russia,5,1995
Russia,7,1996
Russia,12,1997
Russia,40,1998
Russia,18,1999
Russia,21,2000
Russia,21,2001
Russia,23,2002
Russia,24,2003
Russia,32,2004
Russia,34,2005
Russia,22,2006
Russia,23,2007
Russia,9,2008
Russia,12,2009
Russia,13,2010
Russia,12,2011
Russia,9,2012
Russia,22,2013
Russia,31,2014
Russia,24,2015
Russia,56,2016
Russia,64,2017
Romania,13,1993
Romania,11,1994
Romania,11,1995
Romania,16,1996
Romania,7,1997
Romania,12,1998
Romania,8,1999
Romania,13,2000
Romania,15,2001
Romania,24,2002
Romania,27,2003
Romania,29,2004
Romania,27,2005
Romania,19,2006
Romania,13,2007
Romania,21,2008
Romania,36,2009
Romania,56,2010
Romania,56,2011
Romania,33,2012
Romania,32,2013
Romania,15,2014
Romania,16,2015
Romania,39,2016
Romania,41,2017
Republic of Serbia,215,1993
Republic of Serbia,215,1994
Republic of Serbia,215,1995
Republic of Serbia,215,1996
Republic of Serbia,215,1997
Republic of Serbia,215,1998
Republic of Serbia,215,1999
Republic of Serbia,215,2000
Republic of Serbia,215,2001
Republic of Serbia,215,2002
Republic of Serbia,215,2003
Republic of Serbia,215,2004
Republic of Serbia,215,2005
Republic of Serbia,33,2006
Republic of Serbia,27,2007
Republic of Serbia,30,2008
Republic of Serbia,19,2009
Republic of Serbia,23,2010
Republic of Serbia,27,2011
Republic of Serbia,38,2012
Republic of Serbia,30,2013
Republic of Serbia,38,2014
Republic of Serbia,56,2015
Republic of Serbia,44,2016
Republic of Serbia,36,2017
Slovakia,150,1993
Slovakia,43,1994
Slovakia,35,1995
Slovakia,30,1996
Slovakia,34,1997
Slovakia,32,1998
Slovakia,21,1999
Slovakia,24,2000
Slovakia,47,2001
Slovakia,55,2002
Slovakia,50,2003
Slovakia,53,2004
Slovakia,45,2005
Slovakia,37,2006
Slovakia,53,2007
Slovakia,44,2008
Slovakia,33,2009
Slovakia,20,2010
Slovakia,40,2011
Slovakia,47,2012
Slovakia,60,2013
Slovakia,21,2014
Slovakia,26,2015
Slovakia,25,2016
Slovakia,28,2017
Slovenia,134,1993
Slovenia,81,1994
Slovenia,71,1995
Slovenia,77,1996
Slovenia,95,1997
Slovenia,88,1998
Slovenia,40,1999
Slovenia,35,2000
Slovenia,25,2001
Slovenia,36,2002
Slovenia,31,2003
Slovenia,42,2004
Slovenia,68,2005
Slovenia,77,2006
Slovenia,83,2007
Slovenia,57,2008
Slovenia,31,2009
Slovenia,17,2010
Slovenia,26,2011
Slovenia,49,2012
Slovenia,29,2013
Slovenia,47,2014
Slovenia,61,2015
Slovenia,51,2016
Slovenia,69,2017
Sweden,9,1993
Sweden,3,1994
Sweden,13,1995
Sweden,17,1996
Sweden,18,1997
Sweden,18,1998
Sweden,16,1999
Sweden,23,2000
Sweden,16,2001
Sweden,25,2002
Sweden,19,2003
Sweden,13,2004
Sweden,14,2005
Sweden,14,2006
Sweden,24,2007
Sweden,32,2008
Sweden,42,2009
Sweden,33,2010
Sweden,18,2011
Sweden,20,2012
Sweden,27,2013
Sweden,44,2014
Sweden,35,2015
Sweden,41,2016
Sweden,18,2017
Ukraine,90,1993
Ukraine,77,1994
Ukraine,71,1995
Ukraine,59,1996
Ukraine,49,1997
Ukraine,47,1998
Ukraine,27,1999
Ukraine,34,2000
Ukraine,45,2001
Ukraine,45,2002
Ukraine,60,2003
Ukraine,57,2004
Ukraine,40,2005
Ukraine,13,2006
Ukraine,30,2007
Ukraine,15,2008
Ukraine,22,2009
Ukraine,34,2010
Ukraine,55,2011
Ukraine,47,2012
Ukraine,18,2013
Ukraine,25,2014
Ukraine,29,2015
Ukraine,30,2016
Ukraine,35,2017
